timestamp,date_GMT,status,attendance,home_team_name,away_team_name,Pre-Match PPG (Home),Pre-Match PPG (Away),home_ppg,away_ppg,home_team_goal_count,away_team_goal_count,total_goal_count,total_goals_at_half_time,home_team_goal_count_half_time,away_team_goal_count_half_time,home_team_goal_timings,away_team_goal_timings,home_team_corner_count,away_team_corner_count,home_team_yellow_cards,home_team_red_cards,away_team_yellow_cards,away_team_red_cards,home_team_shots,away_team_shots,home_team_shots_on_target,away_team_shots_on_target,home_team_shots_off_target,away_team_shots_off_target,home_team_fouls,away_team_fouls,home_team_possession,away_team_possession,average_goals_per_match_pre_match,btts_percentage_pre_match,over_15_percentage_pre_match,over_25_percentage_pre_match,over_35_percentage_pre_match,over_45_percentage_pre_match,over_15_HT_FHG_percentage_pre_match,over_05_HT_FHG_percentage_pre_match,average_corners_per_match_pre_match,average_cards_per_match_pre_match,odds_ft_home_team_win,odds_ft_draw,odds_ft_away_team_win,odds_ft_over15,odds_ft_over25,odds_ft_over35,odds_ft_over45,odds_btts_yes,odds_btts_no,stadium_name
1457289000,Mar 6 2016 - 6:30pm,complete,21303,New York RB,Toronto,0.00,0.00,2.28,1.37,0,2,2,0,0,0,"","82,90'1",2,4,2,0,2,0,10,8,2,4,8,4,11,8,58,42,0.00,0,0,0,0,0,0,0,0.00,0.00,1.74,4.09,4.85,0.00,0.00,0.00,0.00,0.00,0.00,Red Bull Arena
1457290800,Mar 6 2016 - 7:00pm,complete,17768,Chicago Fire,New York City,0.00,0.00,1.53,1.33,3,4,7,4,1,3,"19,49,72","10,29,36,63",12,1,2,0,2,0,14,11,9,7,5,4,14,9,53,47,0.00,0,0,0,0,0,0,0,0.00,0.00,2.07,3.73,3.64,0.00,0.00,0.00,0.00,0.00,0.00,Toyota Park
1457290800,Mar 6 2016 - 7:00pm,complete,60147,Orlando City,Real Salt Lake,0.00,0.00,1.47,0.78,2,2,4,1,0,1,"90'4,90'5","26,66",12,2,2,1,2,1,9,7,6,3,3,4,14,10,54,46,0.00,0,0,0,0,0,0,0,0.00,0.00,2.06,3.54,3.89,0.00,0.00,0.00,0.00,0.00,0.00,Camping World Stadium (Orlando- Florida)
1457294400,Mar 6 2016 - 8:00pm,complete,21594,Houston Dynamo,New England Revolution,0.00,0.00,1.29,0.65,3,3,6,2,1,1,"45'1,50,77","3,52,90'3",-1,-1,1,0,2,0,-2,-2,-1,-1,-1,-1,-1,-1,49,51,0.00,0,0,0,0,0,0,0,0.00,0.00,2.33,3.52,3.20,0.00,0.00,0.00,0.00,0.00,0.00,BBVA Compass Stadium
1457294400,Mar 6 2016 - 8:00pm,complete,14248,FC Dallas,Philadelphia Union,0.00,0.00,2.39,0.78,2,0,2,1,1,0,"22,79","",8,4,1,0,1,0,14,7,10,2,4,5,17,9,50,50,0.00,0,0,0,0,0,0,0,0.00,0.00,1.67,4.11,5.43,0.00,0.00,0.00,0.00,0.00,0.00,Toyota Stadium
1457294400,Mar 6 2016 - 8:00pm,complete,18000,SJ Earthquakes,Colorado Rapids,0.00,0.00,1.65,1.00,1,0,1,0,0,0,"46","",3,5,2,0,2,0,4,17,4,9,0,8,17,17,42,58,0.00,0,0,0,0,0,0,0,0.00,0.00,1.96,3.47,4.40,0.00,0.00,0.00,0.00,0.00,0.00,Avaya Stadium
1457299800,Mar 6 2016 - 9:30pm,complete,21144,Portland Timbers,Columbus Crew,0.00,0.00,2.24,0.59,2,1,3,1,1,0,"23,79","68",5,8,3,0,2,0,11,13,6,5,5,8,14,10,44,56,0.00,0,0,0,0,0,0,0,0.00,0.00,2.06,3.57,3.85,0.00,0.00,0.00,0.00,0.00,0.00,Providence Park
1457303400,Mar 6 2016 - 10:30pm,complete,22120,Vancouver Whitecaps,Montreal Impact,0.00,0.00,1.41,1.25,2,3,5,3,1,2,"45,90'3","19,42,88",10,2,2,0,1,0,13,6,10,2,3,4,10,11,54,46,0.00,0,0,0,0,0,0,0,0.00,0.00,1.86,3.71,4.60,0.00,0.00,0.00,0.00,0.00,0.00,BC Place Stadium
1457308800,Mar 7 2016 - 12:00am,complete,39525,Seattle Sounders,Sporting KC,0.00,0.00,2.05,0.78,0,1,1,0,0,0,"","73",-1,-1,0,1,2,0,-2,-2,-1,-1,-1,-1,-1,-1,53,47,0.00,0,0,0,0,0,0,0,0.00,0.00,2.01,3.55,4.06,0.00,0.00,0.00,0.00,0.00,0.00,CenturyLink Field
1457319600,Mar 7 2016 - 3:00am,complete,25667,LA Galaxy,DC United,0.00,0.00,2.00,0.88,4,1,5,1,0,1,"54,64,83,87","5",3,6,0,0,3,0,9,11,6,5,3,6,7,13,54,46,0.00,0,0,0,0,0,0,0,0.00,0.00,1.50,4.64,7.10,0.00,0.00,0.00,0.00,0.00,0.00,Stubhub Center
1457740800,Mar 12 2016 - 12:00am,complete,29041,Orlando City,Chicago Fire,1.00,0.00,1.47,0.29,1,1,2,2,1,1,"4","14",6,3,3,0,3,1,9,6,5,2,4,4,20,8,65,35,2.00,50,50,50,50,0,0,50,12.00,4.00,2.10,3.69,3.59,0.00,0.00,0.00,0.00,0.00,0.00,Camping World Stadium (Orlando- Florida)
1457812800,Mar 12 2016 - 8:00pm,complete,16102,New England Revolution,DC United,0.00,0.00,1.82,0.88,0,0,0,0,0,0,"","",-1,-1,1,0,4,0,-2,-2,-1,-1,-1,-1,-1,-1,51,49,2.50,50,50,50,50,50,0,50,6.00,3.00,1.76,3.90,5.00,0.00,0.00,0.00,0.00,0.00,0.00,Gillette Stadium
1457816400,Mar 12 2016 - 9:00pm,complete,27545,Montreal Impact,New York RB,0.00,0.00,1.68,0.89,3,0,3,0,0,0,"58,71,90'4","",3,5,1,0,1,0,7,6,5,4,2,2,14,18,53,47,0.00,0,0,0,0,0,0,0,0.00,0.00,2.42,3.62,2.98,0.00,0.00,0.00,0.00,0.00,0.00,Stade Olympique (Montréal- QC)
1457816400,Mar 12 2016 - 9:00pm,complete,19282,Real Salt Lake,Seattle Sounders,0.00,0.00,1.88,1.00,2,1,3,2,1,1,"43,86","28",0,2,1,0,4,0,0,0,0,0,0,0,1,0,8,92,0.00,0,0,0,0,0,0,0,0.00,0.00,2.43,3.39,3.14,0.00,0.00,0.00,0.00,0.00,0.00,Rio Tinto Stadium
1457827200,Mar 13 2016 - 12:00am,complete,17474,Colorado Rapids,LA Galaxy,0.00,0.00,2.21,1.11,1,0,1,0,0,0,"90'5","",-1,-1,3,0,4,0,-2,-2,-1,-1,-1,-1,-1,-1,52,48,0.00,0,0,0,0,0,0,0,0.00,0.00,3.31,3.64,2.23,0.00,0.00,0.00,0.00,0.00,0.00,Dick's Sporting Goods Park
1457829000,Mar 13 2016 - 12:30am,complete,17015,Columbus Crew,Philadelphia Union,0.00,0.00,1.53,0.78,1,2,3,1,0,1,"87","45'1,71",-1,-1,0,0,2,0,-2,-2,-1,-1,-1,-1,-1,-1,51,49,1.00,0,50,0,0,0,0,50,4.00,1.00,1.82,3.92,4.52,0.00,0.00,0.00,0.00,0.00,0.00,MAPFRE Stadium
1457832600,Mar 13 2016 - 1:30am,complete,21601,Houston Dynamo,FC Dallas,1.00,0.00,1.29,1.11,5,0,5,4,4,0,"6,13,23,27,85","",-1,-1,3,0,3,0,-2,-2,-1,-1,-1,-1,-1,-1,53,47,3.00,50,50,50,50,50,50,50,0.00,1.00,2.73,3.46,2.70,0.00,0.00,0.00,0.00,0.00,0.00,BBVA Compass Stadium
1457832600,Mar 13 2016 - 1:30am,complete,20178,Sporting KC,Vancouver Whitecaps,0.00,0.00,1.94,0.88,2,1,3,2,2,0,"5,41","70",-1,-1,1,0,2,1,-2,-2,-1,-1,-1,-1,-1,-1,48,52,0.00,0,0,0,0,0,0,0,0.00,0.00,1.88,3.65,4.56,0.00,0.00,0.00,0.00,0.00,0.00,Children's Mercy Park
1457902800,Mar 13 2016 - 9:00pm,complete,30315,New York City,Toronto,0.00,3.00,1.67,1.37,2,2,4,3,2,1,"24,28","45'2,76",4,1,2,0,1,0,11,8,6,5,5,3,16,9,52,48,1.00,0,50,0,0,0,0,0,4.00,2.00,2.52,3.76,2.75,0.00,0.00,0.00,0.00,0.00,0.00,Yankee Stadium
1457910000,Mar 13 2016 - 11:00pm,complete,18000,SJ Earthquakes,Portland Timbers,3.00,0.00,1.65,0.35,2,1,3,2,2,0,"30,45'1","89",1,5,2,0,0,0,0,4,0,0,0,4,7,8,53,47,0.50,0,0,0,0,0,0,0,3.00,2.00,2.45,3.44,3.06,0.00,0.00,0.00,0.00,0.00,0.00,Avaya Stadium
1458342000,Mar 18 2016 - 11:00pm,complete,24597,New York City,Orlando City,1.00,0.00,1.67,0.94,0,1,1,1,0,1,"","7",12,3,1,0,2,0,25,11,13,9,12,2,9,10,68,32,2.00,50,50,50,50,0,50,50,4.00,2.00,2.12,3.73,3.51,0.00,0.00,0.00,0.00,0.00,0.00,Yankee Stadium
1458421200,Mar 19 2016 - 9:00pm,complete,12605,Chicago Fire,Columbus Crew,0.00,0.00,1.53,0.59,0,0,0,0,0,0,"","",9,6,0,0,1,0,5,13,3,6,2,7,10,10,43,57,5.00,100,100,100,50,50,50,100,20.00,4.00,2.39,3.54,3.09,0.00,0.00,0.00,0.00,0.00,0.00,Toyota Park
1458428400,Mar 19 2016 - 11:00pm,complete,15167,New York RB,Houston Dynamo,0.00,0.00,2.28,0.71,4,3,7,3,1,2,"22,63,77,83","35,41,65",10,5,1,0,1,0,9,8,6,3,3,5,15,11,48,52,1.00,0,50,0,0,0,0,0,2.00,2.00,1.75,3.92,5.05,0.00,0.00,0.00,0.00,0.00,0.00,Red Bull Arena
1458435600,Mar 20 2016 - 1:00am,complete,14502,FC Dallas,Montreal Impact,3.00,3.00,2.39,1.25,2,0,2,0,0,0,"79,87","",2,0,2,0,1,0,6,2,0,2,6,0,4,7,56,44,3.50,50,100,50,50,50,50,100,10.00,2.00,2.00,3.62,4.01,0.00,0.00,0.00,0.00,0.00,0.00,Toyota Stadium
1458439200,Mar 20 2016 - 2:00am,complete,40012,Seattle Sounders,Vancouver Whitecaps,0.00,0.00,2.05,0.88,1,2,3,1,0,1,"52","10,74",8,1,3,0,3,0,16,8,6,6,10,2,11,20,53,47,2.00,50,50,50,0,0,50,50,0.00,6.00,2.08,3.52,3.85,0.00,0.00,0.00,0.00,0.00,0.00,CenturyLink Field
1458441000,Mar 20 2016 - 2:30am,complete,25667,LA Galaxy,SJ Earthquakes,3.00,0.00,2.00,0.59,3,1,4,0,0,0,"56,62,90'1","89",6,2,4,0,3,1,14,7,8,6,6,1,11,19,62,38,2.50,50,50,50,50,50,0,50,3.00,0.00,1.51,4.53,7.01,0.00,0.00,0.00,0.00,0.00,0.00,Stubhub Center
1458441000,Mar 20 2016 - 2:30am,complete,21144,Portland Timbers,Real Salt Lake,3.00,1.00,2.24,0.78,2,2,4,1,0,1,"79,84","16,58",-1,-1,2,0,3,2,-2,-2,-1,-1,-1,-1,-1,-1,49,51,3.50,100,100,100,50,0,0,100,7.00,6.00,1.77,3.83,5.04,0.00,0.00,0.00,0.00,0.00,0.00,Providence Park
1458498600,Mar 20 2016 - 6:30pm,complete,17027,Philadelphia Union,New England Revolution,0.00,1.00,1.65,0.65,3,0,3,2,2,0,"18,33,90'3","",5,4,1,0,2,1,8,6,6,4,2,2,16,13,48,52,3.00,50,50,50,50,50,50,50,0.00,2.00,2.51,3.38,3.02,0.00,0.00,0.00,0.00,0.00,0.00,Talen Energy Stadium
1458507600,Mar 20 2016 - 9:00pm,complete,15334,DC United,Colorado Rapids,0.00,0.00,1.72,1.00,1,1,2,0,0,0,"80","69",7,5,1,0,4,0,16,4,6,0,10,4,11,15,51,49,0.50,0,0,0,0,0,0,0,5.00,2.00,2.49,3.35,3.08,0.00,0.00,0.00,0.00,0.00,0.00,Robert F. Kennedy Memorial Stadium
1458514800,Mar 20 2016 - 11:00pm,complete,19867,Sporting KC,Toronto,3.00,2.00,1.94,1.37,1,0,1,0,0,0,"70","",3,2,1,1,2,0,6,8,3,4,3,4,11,12,49,51,3.00,75,100,75,25,0,75,75,2.50,2.50,1.97,3.66,4.09,0.00,0.00,0.00,0.00,0.00,0.00,Children's Mercy Park
1459018800,Mar 26 2016 - 7:00pm,complete,23425,New York City,New England Revolution,0.50,0.50,1.67,0.65,1,1,2,2,1,1,"10","38",4,0,4,0,1,1,9,7,3,4,6,3,16,13,56,44,3.50,50,75,75,50,25,75,100,12.00,4.50,2.43,3.65,2.94,0.00,0.00,0.00,0.00,0.00,0.00,Yankee Stadium
1459027800,Mar 26 2016 - 9:30pm,complete,14201,DC United,FC Dallas,1.00,0.00,1.72,1.11,0,3,3,2,0,2,"","14,28,52",3,2,2,1,2,0,12,7,4,3,8,4,10,11,49,51,3.50,50,100,50,50,50,50,50,7.00,4.00,3.12,3.49,2.39,0.00,0.00,0.00,0.00,0.00,0.00,Robert F. Kennedy Memorial Stadium
1459044000,Mar 27 2016 - 2:00am,complete,22120,Vancouver Whitecaps,Houston Dynamo,0.00,0.00,1.41,0.71,1,0,1,1,1,0,"23","",2,7,2,0,0,0,10,9,6,4,4,5,15,15,47,53,6.00,100,100,100,100,100,100,100,15.00,3.00,1.77,3.90,4.92,0.00,0.00,0.00,0.00,0.00,0.00,BC Place Stadium
1459551600,Apr 1 2016 - 11:00pm,complete,11849,New England Revolution,New York RB,1.00,0.00,1.82,0.89,1,0,1,0,0,0,"55","",-1,-1,2,0,2,1,-2,-2,-1,-1,-1,-1,-1,-1,52,48,1.50,0,50,50,0,0,0,0,5.00,2.00,2.28,3.49,3.34,0.00,0.00,0.00,0.00,0.00,0.00,Gillette Stadium
1459630800,Apr 2 2016 - 9:00pm,complete,12073,Chicago Fire,Philadelphia Union,0.50,1.50,1.53,0.78,1,0,1,0,0,0,"51","",2,5,2,0,1,1,11,10,6,3,5,7,16,8,51,49,3.00,50,75,50,25,25,25,75,14.50,2.50,2.19,3.51,3.53,0.00,0.00,0.00,0.00,0.00,0.00,Toyota Park
1459641600,Apr 3 2016 - 12:00am,complete,10772,Colorado Rapids,Toronto,3.00,1.33,2.21,1.37,1,0,1,1,1,0,"18","",-1,-1,3,0,2,1,-2,-2,-1,-1,-1,-1,-1,-1,48,52,1.67,17,34,17,17,0,17,17,2.33,4.67,2.25,3.46,3.41,0.00,0.00,0.00,0.00,0.00,0.00,Dick's Sporting Goods Park
1459643400,Apr 3 2016 - 12:30am,complete,20553,Sporting KC,Real Salt Lake,3.00,1.00,1.94,0.78,1,2,3,1,0,1,"90'4","29,79",-1,-1,1,0,3,0,-2,-2,-1,-1,-1,-1,-1,-1,53,47,3.00,75,75,75,50,0,25,75,5.00,7.00,1.91,3.64,4.43,0.00,0.00,0.00,0.00,0.00,0.00,Children's Mercy Park
1459645200,Apr 3 2016 - 1:00am,complete,13174,FC Dallas,Columbus Crew,3.00,0.50,2.39,0.59,1,1,2,1,0,1,"77","9",3,4,2,0,0,0,15,6,4,6,11,0,9,8,51,49,1.75,25,75,25,0,0,0,50,12.00,3.00,1.87,3.77,4.46,0.00,0.00,0.00,0.00,0.00,0.00,Toyota Stadium
1459648800,Apr 3 2016 - 2:00am,complete,27038,Vancouver Whitecaps,LA Galaxy,1.50,0.00,1.41,1.11,0,0,0,0,0,0,"","",3,3,0,1,2,0,7,10,3,5,4,5,11,15,46,54,2.00,25,25,25,25,25,25,50,6.00,6.00,2.31,3.49,3.27,0.00,0.00,0.00,0.00,0.00,0.00,BC Place Stadium
1459648800,Apr 3 2016 - 2:00am,complete,39705,Seattle Sounders,Montreal Impact,0.00,1.50,2.05,1.25,1,0,1,0,0,0,"79","",3,2,1,0,3,0,8,10,3,6,5,4,8,15,52,48,2.75,50,75,50,25,25,25,50,9.00,3.50,1.99,3.59,4.10,0.00,0.00,0.00,0.00,0.00,0.00,CenturyLink Field
1459650600,Apr 3 2016 - 2:30am,complete,18000,SJ Earthquakes,DC United,3.00,0.50,1.65,0.88,1,1,2,1,0,1,"88","34",-1,-1,2,0,3,0,-2,-2,-1,-1,-1,-1,-1,-1,53,47,2.25,50,50,50,25,25,25,50,8.00,5.50,1.70,3.91,5.49,0.00,0.00,0.00,0.00,0.00,0.00,Avaya Stadium
1459728000,Apr 4 2016 - 12:00am,complete,31114,Orlando City,Portland Timbers,1.00,0.00,1.47,0.35,4,1,5,2,2,0,"13,32,48,76","89",3,7,2,0,3,0,5,8,3,4,2,4,10,14,45,55,3.00,100,100,75,25,0,75,100,14.00,3.50,2.44,3.46,3.06,0.00,0.00,0.00,0.00,0.00,0.00,Camping World Stadium (Orlando- Florida)
1460156400,Apr 8 2016 - 11:00pm,complete,15011,Philadelphia Union,Orlando City,3.00,3.00,1.65,0.94,2,1,3,2,1,1,"2,90","43",-1,-1,1,0,0,0,-2,-2,-1,-1,-1,-1,-1,-1,47,53,2.00,0,50,50,0,0,50,100,8.00,3.00,2.32,3.44,3.29,0.00,0.00,0.00,0.00,0.00,0.00,Talen Energy Stadium
1460232000,Apr 9 2016 - 8:00pm,complete,22053,Montreal Impact,Columbus Crew,3.00,0.67,1.68,0.59,2,0,2,0,0,0,"48,86","",5,5,2,0,0,0,12,10,7,2,5,8,9,8,53,47,2.34,34,84,67,0,0,0,34,9.00,2.00,2.09,3.65,3.66,0.00,0.00,0.00,0.00,0.00,0.00,Stade Olympique (Montréal- QC)
1460232000,Apr 9 2016 - 8:00pm,complete,16935,New England Revolution,Toronto,2.00,1.00,1.82,1.37,1,1,2,1,1,0,"14","58",-1,-1,1,0,4,0,-2,-2,-1,-1,-1,-1,-1,-1,49,51,1.25,13,25,13,13,0,13,25,2.33,3.50,1.98,3.63,4.08,0.00,0.00,0.00,0.00,0.00,0.00,Gillette Stadium
1460237400,Apr 9 2016 - 9:30pm,complete,14088,DC United,Vancouver Whitecaps,0.50,1.50,1.72,0.88,4,0,4,1,1,0,"39,54,88,90'1","",4,2,1,0,1,0,17,8,10,3,7,5,9,10,51,49,2.75,75,100,75,0,0,50,75,6.00,6.00,3.05,3.29,2.54,0.00,0.00,0.00,0.00,0.00,0.00,Robert F. Kennedy Memorial Stadium
1460242800,Apr 9 2016 - 11:00pm,complete,21406,New York RB,Sporting KC,1.50,3.00,2.28,0.78,0,2,2,1,0,1,"","17,60",7,0,1,0,1,0,20,6,10,3,10,3,10,3,61,39,2.75,25,50,25,25,25,25,25,6.00,3.50,2.01,3.65,3.94,0.00,0.00,0.00,0.00,0.00,0.00,Red Bull Arena
1460250000,Apr 10 2016 - 1:00am,complete,13386,FC Dallas,SJ Earthquakes,2.33,0.00,2.39,0.59,2,2,4,2,1,1,"36,62","4,55",10,2,4,0,1,0,9,4,3,2,6,2,14,14,57,43,3.00,67,100,50,50,0,0,34,6.33,6.67,1.76,3.82,5.13,0.00,0.00,0.00,0.00,0.00,0.00,Toyota Stadium
1460251800,Apr 10 2016 - 1:30am,complete,19224,Real Salt Lake,Colorado Rapids,3.00,0.50,1.88,1.00,1,0,1,0,0,0,"72","",-1,-1,1,0,2,0,-2,-2,-1,-1,-1,-1,-1,-1,51,49,2.25,75,75,50,0,0,50,50,5.00,4.00,2.09,3.47,3.86,0.00,0.00,0.00,0.00,0.00,0.00,Rio Tinto Stadium
1460318400,Apr 10 2016 - 8:00pm,complete,20975,Houston Dynamo,Seattle Sounders,2.00,0.00,1.29,1.00,1,1,2,1,1,0,"35","90'4",4,8,1,0,1,0,12,14,7,8,5,6,4,8,44,56,4.25,75,100,100,50,50,100,100,2.00,6.00,2.42,3.43,3.12,0.00,0.00,0.00,0.00,0.00,0.00,BBVA Compass Stadium
1460329200,Apr 10 2016 - 11:00pm,complete,22930,New York City,Chicago Fire,0.67,1.00,1.67,0.29,0,0,0,0,0,0,"","",4,2,1,0,1,0,13,5,8,0,5,5,14,13,57,43,2.17,84,84,17,17,0,84,100,9.67,7.33,1.89,3.83,4.24,0.00,0.00,0.00,0.00,0.00,0.00,Yankee Stadium
1460338200,Apr 11 2016 - 1:30am,complete,25667,LA Galaxy,Portland Timbers,3.00,0.00,2.00,0.35,1,1,2,0,0,0,"84","52",-1,-1,1,0,3,0,-2,-2,-1,-1,-1,-1,-1,-1,53,47,4.25,100,100,100,75,50,50,75,10.50,3.50,1.82,3.88,4.59,0.00,0.00,0.00,0.00,0.00,0.00,Stubhub Center
1460593800,Apr 14 2016 - 12:30am,complete,19168,Sporting KC,Colorado Rapids,2.00,0.33,1.94,1.00,1,2,3,1,0,1,"77","41,82",8,0,1,0,3,0,10,9,3,5,7,4,4,17,63,37,1.83,50,50,34,0,0,17,34,8.00,4.34,1.80,3.66,5.08,0.00,0.00,0.00,0.00,0.00,0.00,Children's Mercy Park
1460601000,Apr 14 2016 - 2:30am,complete,18000,SJ Earthquakes,New York RB,2.33,0.00,1.65,0.89,2,0,2,1,1,0,"40,55","",1,3,1,0,1,0,9,11,4,6,5,5,8,14,42,58,2.00,34,59,42,0,0,17,34,7.00,4.50,2.28,3.54,3.28,0.00,0.00,0.00,0.00,0.00,0.00,Avaya Stadium
1460601000,Apr 14 2016 - 2:30am,complete,21144,Portland Timbers,FC Dallas,2.00,1.50,2.24,1.11,1,3,4,3,0,3,"67","4,26,29",-1,-1,3,0,4,0,-2,-2,-1,-1,-1,-1,-1,-1,51,49,3.75,50,100,100,50,25,50,100,7.00,5.00,2.10,3.59,3.70,0.00,0.00,0.00,0.00,0.00,0.00,Providence Park
1460761200,Apr 15 2016 - 11:00pm,complete,20563,Houston Dynamo,LA Galaxy,1.67,0.50,1.29,1.11,1,4,5,4,1,3,"1","4,21,31,49",-1,-1,0,0,2,0,-2,-2,-1,-1,-1,-1,-1,-1,53,47,2.42,34,50,34,34,34,34,50,7.00,4.67,2.40,3.46,3.14,0.00,0.00,0.00,0.00,0.00,0.00,BBVA Compass Stadium
1460840400,Apr 16 2016 - 9:00pm,complete,14509,Chicago Fire,Montreal Impact,1.33,1.00,1.53,1.25,1,2,3,1,1,0,"29","56,90'1",6,10,0,0,0,0,6,12,5,7,1,5,6,7,43,57,2.67,33,50,33,33,33,33,33,9.00,3.00,2.50,3.30,3.10,0.00,0.00,0.00,0.00,0.00,0.00,Toyota Park
1460840400,Apr 16 2016 - 9:00pm,complete,16236,DC United,Toronto,1.33,1.00,1.72,1.37,0,1,1,1,0,1,"","1",5,3,2,0,2,0,15,8,6,3,9,5,19,12,62,38,2.50,37,80,44,27,0,27,64,7.00,4.40,2.43,3.33,3.19,0.00,0.00,0.00,0.00,0.00,0.00,Robert F. Kennedy Memorial Stadium
1460849400,Apr 16 2016 - 11:30pm,complete,16715,Columbus Crew,New York City,0.00,3.00,1.53,1.33,3,2,5,2,1,1,"7,49,80","15,87",-1,-1,1,2,3,0,-2,-2,-1,-1,-1,-1,-1,-1,52,48,5.00,100,100,100,50,50,50,100,1.00,2.00,1.68,4.21,5.25,0.00,0.00,0.00,0.00,0.00,0.00,MAPFRE Stadium
1460854800,Apr 17 2016 - 1:00am,complete,10670,Colorado Rapids,New York RB,3.00,0.00,2.21,0.89,2,1,3,1,1,0,"21,82","60",-1,-1,1,0,4,0,-2,-2,-1,-1,-1,-1,-1,-1,48,52,1.50,0,34,17,0,0,0,42,4.00,5.00,2.22,3.45,3.50,0.00,0.00,0.00,0.00,0.00,0.00,Dick's Sporting Goods Park
1460858400,Apr 17 2016 - 2:00am,complete,19720,Real Salt Lake,Vancouver Whitecaps,3.00,1.00,1.88,0.88,1,0,1,0,0,0,"55","",-1,-1,1,0,2,0,-2,-2,-1,-1,-1,-1,-1,-1,49,51,2.67,59,75,75,17,0,42,75,1.50,3.67,2.10,3.46,3.84,0.00,0.00,0.00,0.00,0.00,0.00,Rio Tinto Stadium
1460858400,Apr 17 2016 - 2:00am,complete,39620,Seattle Sounders,Philadelphia Union,1.00,1.00,2.05,0.78,2,1,3,1,1,0,"41,71","73",3,7,3,0,3,1,13,11,6,7,7,4,12,15,50,50,1.84,33,50,33,0,0,0,50,10.00,4.00,1.71,3.81,5.67,0.00,0.00,0.00,0.00,0.00,0.00,CenturyLink Field
1460860200,Apr 17 2016 - 2:30am,complete,21144,Portland Timbers,SJ Earthquakes,1.33,0.50,2.24,0.59,3,1,4,0,0,0,"52,65,90'9","90'1",-1,-1,1,1,2,0,-2,-2,-1,-1,-1,-1,-1,-1,50,50,3.84,100,100,100,84,0,42,75,7.00,5.67,1.88,3.70,4.48,0.00,0.00,0.00,0.00,0.00,0.00,Providence Park
1460921400,Apr 17 2016 - 7:30pm,complete,36048,Orlando City,New England Revolution,1.67,0.67,1.47,0.65,2,2,4,2,1,1,"2,90'2","37,90'6",-1,-1,1,0,1,0,-2,-2,-1,-1,-1,-1,-1,-1,48,52,3.67,84,100,67,50,33,84,100,9.00,6.00,2.21,3.58,3.41,0.00,0.00,0.00,0.00,0.00,0.00,Camping World Stadium (Orlando- Florida)
1460934000,Apr 17 2016 - 11:00pm,complete,16215,FC Dallas,Sporting KC,2.00,3.00,2.39,0.78,2,1,3,2,1,1,"35,68","22",5,4,1,0,0,0,9,16,4,6,5,10,13,5,50,50,2.00,25,75,13,13,0,13,63,5.75,3.75,1.77,3.80,5.06,0.00,0.00,0.00,0.00,0.00,0.00,Toyota Stadium
1461441600,Apr 23 2016 - 8:00pm,complete,20801,Montreal Impact,Toronto,3.00,1.33,1.68,1.37,0,2,2,1,0,1,"","40,81",7,8,0,0,1,0,9,5,4,3,5,2,10,14,54,46,2.17,17,75,34,9,0,9,34,6.50,3.83,1.92,3.69,4.30,0.00,0.00,0.00,0.00,0.00,0.00,Stade Saputo
1461441600,Apr 23 2016 - 8:00pm,complete,18681,Philadelphia Union,New York City,3.00,1.50,1.65,1.33,2,0,2,2,2,0,"26,41","",-1,-1,2,0,3,0,-2,-2,-1,-1,-1,-1,-1,-1,52,48,4.50,75,100,100,50,50,100,100,6.00,3.50,2.04,3.75,3.73,0.00,0.00,0.00,0.00,0.00,0.00,Talen Energy Stadium
1461447000,Apr 23 2016 - 9:30pm,complete,16005,DC United,New England Revolution,1.00,0.75,1.72,0.65,3,0,3,1,1,0,"33,86,90","",6,1,2,0,2,0,13,10,5,6,8,4,17,16,49,51,3.13,50,88,63,38,13,63,88,6.75,4.50,2.52,3.44,2.96,0.00,0.00,0.00,0.00,0.00,0.00,Robert F. Kennedy Memorial Stadium
1461454200,Apr 23 2016 - 11:30pm,complete,17705,Columbus Crew,Houston Dynamo,1.50,0.00,1.53,0.71,1,0,1,1,1,0,"21","",-1,-1,2,0,0,1,-2,-2,-1,-1,-1,-1,-1,-1,53,47,4.00,75,75,75,50,50,50,100,6.00,3.00,1.66,4.14,5.48,0.00,0.00,0.00,0.00,0.00,0.00,MAPFRE Stadium
1461459600,Apr 24 2016 - 1:00am,complete,17294,Colorado Rapids,Seattle Sounders,3.00,0.50,2.21,1.00,3,1,4,1,1,0,"20,51,86","63",-1,-1,4,0,1,1,-2,-2,-1,-1,-1,-1,-1,-1,53,47,2.09,67,67,42,0,0,25,84,5.00,4.83,2.32,3.38,3.35,0.00,0.00,0.00,0.00,0.00,0.00,Dick's Sporting Goods Park
1461465000,Apr 24 2016 - 2:30am,complete,22120,Vancouver Whitecaps,FC Dallas,1.33,2.00,1.41,1.11,3,0,3,1,1,0,"35,63,77","",2,6,2,0,2,0,12,12,6,5,6,7,11,10,50,50,3.00,33,67,67,50,33,67,84,7.00,5.00,2.40,3.41,3.17,0.00,0.00,0.00,0.00,0.00,0.00,BC Place Stadium
1461465000,Apr 24 2016 - 2:30am,complete,25867,LA Galaxy,Real Salt Lake,2.33,1.67,2.00,0.78,5,2,7,5,4,1,"19,26,41,45,90'1","16,70",4,6,2,0,3,0,11,14,6,6,5,8,11,9,51,49,3.67,100,100,84,67,17,0,67,6.50,6.00,1.75,3.92,5.02,0.00,0.00,0.00,0.00,0.00,0.00,Stubhub Center
1461526200,Apr 24 2016 - 7:30pm,complete,18000,SJ Earthquakes,Sporting KC,2.50,2.00,1.65,0.78,1,0,1,0,0,0,"59","",5,4,1,0,3,0,4,13,3,8,1,5,13,19,49,51,2.00,42,71,29,0,0,29,71,3.67,2.75,2.09,3.47,3.87,0.00,0.00,0.00,0.00,0.00,0.00,Avaya Stadium
1461540600,Apr 24 2016 - 11:30pm,complete,18238,New York RB,Orlando City,1.00,1.50,2.28,0.94,3,2,5,1,0,1,"65,69,75","3,84",8,6,1,0,3,0,15,8,10,3,5,5,13,10,57,43,2.84,42,75,42,17,17,42,84,9.33,2.33,1.79,3.97,4.66,0.00,0.00,0.00,0.00,0.00,0.00,Red Bull Arena
1461798000,Apr 27 2016 - 11:00pm,complete,23352,New York City,Montreal Impact,0.75,1.50,1.67,1.25,1,1,2,0,0,0,"51","90'1",12,4,3,0,4,0,11,5,5,2,6,3,10,16,50,50,2.25,50,63,38,25,13,38,63,9.50,3.25,2.45,3.59,2.95,0.00,0.00,0.00,0.00,0.00,0.00,Yankee Stadium
1461799800,Apr 27 2016 - 11:30pm,complete,10144,New England Revolution,Portland Timbers,1.67,0.33,1.82,0.35,1,1,2,0,0,0,"89","64",-1,-1,2,0,1,0,-2,-2,-1,-1,-1,-1,-1,-1,48,52,2.17,67,67,34,17,17,34,50,6.00,3.33,2.03,3.66,3.85,0.00,0.00,0.00,0.00,0.00,0.00,Gillette Stadium
1461810600,Apr 28 2016 - 2:30am,complete,18836,Vancouver Whitecaps,Sporting KC,1.75,1.50,1.41,0.78,1,1,2,2,1,1,"14","27",5,9,1,1,3,0,4,8,3,3,1,5,11,11,47,53,2.00,25,50,38,13,13,25,63,6.92,3.50,1.97,3.59,4.18,0.00,0.00,0.00,0.00,0.00,0.00,BC Place Stadium
1461970800,Apr 29 2016 - 11:00pm,complete,18025,New York RB,FC Dallas,1.50,1.50,2.28,1.11,4,0,4,1,1,0,"37,52,71,83","",-1,-1,1,0,1,0,-2,-2,-1,-1,-1,-1,-1,-1,50,50,3.88,38,100,75,50,38,50,88,10.75,4.00,2.14,3.66,3.51,0.00,0.00,0.00,0.00,0.00,0.00,Red Bull Arena
1462046400,Apr 30 2016 - 8:00pm,complete,20801,Montreal Impact,Colorado Rapids,2.00,1.00,1.68,1.00,2,2,4,1,1,0,"9,50","47,72",10,2,1,0,3,0,10,5,5,4,5,1,11,11,55,45,2.04,25,75,29,0,0,0,29,8.33,3.75,1.88,3.65,4.58,0.00,0.00,0.00,0.00,0.00,0.00,Stade Saputo
1462046400,Apr 30 2016 - 8:00pm,complete,25438,New York City,Vancouver Whitecaps,0.80,0.75,1.67,0.88,3,2,5,3,2,1,"35,41,73","1,63",4,4,3,0,1,0,8,8,2,3,6,5,16,15,47,53,2.28,55,68,48,23,0,33,68,8.70,4.70,2.25,3.56,3.33,0.00,0.00,0.00,0.00,0.00,0.00,Yankee Stadium
1462046400,Apr 30 2016 - 8:00pm,complete,16079,Philadelphia Union,SJ Earthquakes,3.00,0.33,1.65,0.59,1,1,2,1,1,0,"30","83",-1,-1,0,0,2,1,-2,-2,-1,-1,-1,-1,-1,-1,49,51,3.34,67,100,84,50,0,67,67,7.00,4.00,2.12,3.52,3.71,0.00,0.00,0.00,0.00,0.00,0.00,Talen Energy Stadium
1462046400,Apr 30 2016 - 8:00pm,complete,39473,Seattle Sounders,Columbus Crew,1.50,0.50,2.05,0.59,1,0,1,0,0,0,"88","",6,5,2,0,2,0,12,13,7,6,5,7,9,12,51,49,1.88,50,63,38,0,0,0,50,10.42,3.00,2.20,3.52,3.49,0.00,0.00,0.00,0.00,0.00,0.00,CenturyLink Field
1462050000,Apr 30 2016 - 9:00pm,complete,13114,Chicago Fire,DC United,1.00,0.67,1.53,0.88,1,1,2,1,1,0,"41","64",5,3,1,0,2,0,8,9,2,5,6,4,12,14,50,50,2.54,59,59,42,29,29,13,59,13.25,4.33,2.11,3.50,3.76,0.00,0.00,0.00,0.00,0.00,0.00,Toyota Park
1462059000,Apr 30 2016 - 11:30pm,complete,25203,New England Revolution,Orlando City,1.50,1.00,1.82,0.94,2,2,4,2,1,1,"7,71","30,90",-1,-1,1,0,3,0,-2,-2,-1,-1,-1,-1,-1,-1,52,48,2.13,59,59,34,17,17,17,63,4.50,3.17,1.73,3.95,5.17,0.00,0.00,0.00,0.00,0.00,0.00,Gillette Stadium
1462066200,May 1 2016 - 1:30am,complete,19950,Real Salt Lake,Houston Dynamo,3.00,0.00,1.88,0.71,2,1,3,0,0,0,"62,70","54",-1,-1,0,0,2,0,-2,-2,-1,-1,-1,-1,-1,-1,52,48,2.34,33,33,33,17,17,33,67,6.00,2.00,1.88,3.74,4.44,0.00,0.00,0.00,0.00,0.00,0.00,Rio Tinto Stadium
1462131000,May 1 2016 - 7:30pm,complete,21144,Portland Timbers,Toronto,1.75,1.57,2.24,1.37,2,1,3,2,1,1,"17,74","40",3,4,2,0,1,0,9,11,5,6,4,5,17,8,39,61,2.81,65,79,57,45,0,20,73,8.60,4.64,2.05,3.62,3.83,0.00,0.00,0.00,0.00,0.00,0.00,Providence Park
1462147200,May 2 2016 - 12:00am,complete,19431,Sporting KC,LA Galaxy,1.50,1.33,1.94,1.11,1,1,2,2,1,1,"30","42",7,1,1,0,2,1,10,3,0,0,10,3,14,11,62,38,2.25,54,54,54,17,17,29,54,8.50,4.17,2.49,3.47,2.98,0.00,0.00,0.00,0.00,0.00,0.00,Children's Mercy Park
1462575600,May 6 2016 - 11:00pm,complete,31264,Orlando City,New York RB,1.50,0.00,1.47,0.89,1,1,2,1,0,1,"67","19",7,0,4,1,4,0,11,4,8,3,3,1,15,16,53,47,3.00,63,88,63,38,13,38,75,11.00,5.00,2.46,3.59,2.94,0.00,0.00,0.00,0.00,0.00,0.00,Camping World Stadium (Orlando- Florida)
1462654800,May 7 2016 - 9:00pm,complete,22120,Vancouver Whitecaps,Portland Timbers,1.60,0.50,1.41,0.35,2,1,3,1,0,1,"60,66","34",11,5,3,0,2,0,19,8,11,5,8,3,15,13,53,47,2.60,70,80,45,23,23,45,65,10.40,3.75,2.19,3.55,3.48,0.00,0.00,0.00,0.00,0.00,0.00,BC Place Stadium
1462663800,May 7 2016 - 11:30pm,complete,14095,Columbus Crew,Montreal Impact,2.00,1.40,1.53,1.25,4,4,8,3,2,1,"16,45'1,48,53","26,57,58,90'3",-1,-1,1,0,2,0,-2,-2,-1,-1,-1,-1,-1,-1,47,53,2.80,64,74,54,27,27,27,70,3.60,4.13,1.90,3.78,4.26,0.00,0.00,0.00,0.00,0.00,0.00,MAPFRE Stadium
1462663800,May 7 2016 - 11:30pm,complete,30025,Toronto,FC Dallas,0.00,1.20,1.90,1.11,1,0,1,1,1,0,"28","",4,4,5,0,1,0,17,9,8,6,9,3,20,14,48,52,1.90,10,50,50,30,10,30,50,4.00,2.40,2.10,3.64,3.64,0.00,0.00,0.00,0.00,0.00,0.00,BMO Field
1462667400,May 8 2016 - 12:30am,complete,20071,Houston Dynamo,Sporting KC,1.25,1.40,1.29,0.78,2,0,2,2,2,0,"30,45'1","",-1,-1,3,0,2,0,-2,-2,-1,-1,-1,-1,-1,-1,50,50,3.15,58,80,48,38,38,58,80,8.25,3.05,2.21,3.55,3.43,0.00,0.00,0.00,0.00,0.00,0.00,BBVA Compass Stadium
1462669200,May 8 2016 - 1:00am,complete,14638,Colorado Rapids,Real Salt Lake,3.00,1.25,2.21,0.78,1,0,1,0,0,0,"47","",-1,-1,4,0,2,0,-2,-2,-1,-1,-1,-1,-1,-1,52,48,3.38,75,75,75,50,13,13,88,4.00,6.75,2.02,3.59,3.97,0.00,0.00,0.00,0.00,0.00,0.00,Dick's Sporting Goods Park
1462672800,May 8 2016 - 2:00am,complete,39570,Seattle Sounders,SJ Earthquakes,1.80,0.50,2.05,0.59,2,0,2,1,1,0,"26,89","",12,6,1,0,0,0,8,6,6,2,2,4,7,10,51,49,2.65,70,70,58,38,0,13,45,7.00,4.95,1.87,3.67,4.58,0.00,0.00,0.00,0.00,0.00,0.00,CenturyLink Field
1462735800,May 8 2016 - 7:30pm,complete,21237,LA Galaxy,New England Revolution,2.50,0.60,2.00,0.65,4,2,6,3,3,0,"13,24,45,90'3","67,70",5,5,1,0,1,0,13,11,7,8,6,3,10,9,47,53,4.05,80,100,78,58,35,53,75,6.00,4.15,1.75,4.05,4.85,0.00,0.00,0.00,0.00,0.00,0.00,Stubhub Center
1462750200,May 8 2016 - 11:30pm,complete,14504,DC United,New York City,1.40,1.00,1.72,1.33,0,2,2,0,0,0,"","49,53",0,6,3,0,3,0,10,11,3,5,7,6,16,17,55,45,3.64,44,90,64,44,34,60,90,6.00,4.67,2.22,3.57,3.39,0.00,0.00,0.00,0.00,0.00,0.00,Robert F. Kennedy Memorial Stadium
1463007600,May 11 2016 - 11:00pm,complete,17983,Philadelphia Union,LA Galaxy,2.50,1.25,1.65,1.11,2,2,4,2,1,1,"4,63","15,47",-1,-1,0,0,2,0,-2,-2,-1,-1,-1,-1,-1,-1,49,51,2.25,50,75,38,13,13,63,75,7.00,3.75,2.70,3.41,2.77,0.00,0.00,0.00,0.00,0.00,0.00,Talen Energy Stadium
1463014800,May 12 2016 - 1:00am,complete,12857,Colorado Rapids,Sporting KC,3.00,1.17,2.21,0.78,1,0,1,0,0,0,"78","",-1,-1,2,0,3,1,-2,-2,-1,-1,-1,-1,-1,-1,48,52,1.92,37,54,29,10,0,25,64,4.25,4.83,2.02,3.48,4.12,0.00,0.00,0.00,0.00,0.00,0.00,Dick's Sporting Goods Park
1463014800,May 12 2016 - 1:00am,complete,10381,FC Dallas,Portland Timbers,2.20,0.40,2.39,0.35,2,1,3,1,0,1,"55,57","3",-1,-1,2,0,2,0,-2,-2,-1,-1,-1,-1,-1,-1,47,53,2.80,80,100,50,20,10,40,70,11.27,3.80,1.86,3.89,4.33,0.00,0.00,0.00,0.00,0.00,0.00,Toyota Stadium
1463018400,May 12 2016 - 2:00am,complete,19638,Vancouver Whitecaps,Chicago Fire,1.83,1.00,1.41,0.29,2,1,3,1,1,0,"36,88","62",6,3,1,0,0,0,15,9,11,5,4,4,16,6,57,43,1.67,50,59,25,9,9,42,67,8.00,5.17,1.57,4.19,6.63,0.00,0.00,0.00,0.00,0.00,0.00,BC Place Stadium
1463020200,May 12 2016 - 2:30am,complete,18000,SJ Earthquakes,Houston Dynamo,2.60,0.00,1.65,0.71,3,1,4,2,1,1,"3,50,70","43",4,10,1,0,1,1,10,9,5,3,5,6,12,14,51,49,2.40,45,55,35,13,13,23,68,8.50,2.85,1.83,3.71,4.80,0.00,0.00,0.00,0.00,0.00,0.00,Avaya Stadium
1463180400,May 13 2016 - 11:00pm,complete,19632,DC United,New York RB,1.17,0.20,1.72,0.89,2,0,2,2,2,0,"20,43","",3,1,3,0,2,0,15,13,8,7,7,6,19,16,49,51,2.35,29,82,45,9,0,9,64,6.84,4.97,2.92,3.52,2.51,0.00,0.00,0.00,0.00,0.00,0.00,Robert F. Kennedy Memorial Stadium
1463259600,May 14 2016 - 9:00pm,complete,20801,Montreal Impact,Philadelphia Union,1.75,0.75,1.68,0.78,1,1,2,2,1,1,"3","24",6,6,3,0,1,0,11,9,7,3,4,6,16,14,48,52,2.50,38,88,50,13,0,0,63,11.58,3.50,1.82,3.83,4.65,0.00,0.00,0.00,0.00,0.00,0.00,Stade Saputo
1463268600,May 14 2016 - 11:30pm,complete,15023,Columbus Crew,Colorado Rapids,1.75,1.00,1.53,1.00,1,1,2,1,1,0,"23","55",-1,-1,0,0,2,0,-2,-2,-1,-1,-1,-1,-1,-1,48,52,3.23,68,68,58,35,25,25,70,3.00,4.80,2.02,3.68,3.87,0.00,0.00,0.00,0.00,0.00,0.00,MAPFRE Stadium
1463268600,May 14 2016 - 11:30pm,complete,18997,New England Revolution,Chicago Fire,1.40,0.67,1.82,0.29,2,0,2,1,1,0,"22,84","",-1,-1,3,0,1,0,-2,-2,-1,-1,-1,-1,-1,-1,50,50,1.74,64,64,27,10,0,27,54,2.67,3.40,1.67,4.05,5.55,0.00,0.00,0.00,0.00,0.00,0.00,Gillette Stadium
1463268600,May 14 2016 - 11:30pm,complete,24748,Toronto,Vancouver Whitecaps,3.00,0.60,1.90,0.88,3,4,7,3,1,2,"37,66,80","12,18,70,72",11,0,1,0,3,1,14,3,9,2,5,1,10,14,65,35,2.10,30,40,40,20,10,20,90,6.33,7.20,1.81,3.76,4.85,0.00,0.00,0.00,0.00,0.00,0.00,BMO Field
1463274000,May 15 2016 - 1:00am,complete,14630,FC Dallas,Seattle Sounders,2.33,0.33,2.39,1.00,2,0,2,1,1,0,"3,80","",-1,-1,0,0,0,0,-2,-2,-1,-1,-1,-1,-1,-1,47,53,2.84,84,100,59,25,0,33,92,10.60,4.33,1.76,3.84,5.05,0.00,0.00,0.00,0.00,0.00,0.00,Toyota Stadium
1463335200,May 15 2016 - 6:00pm,complete,17943,Houston Dynamo,Real Salt Lake,1.60,1.00,1.29,0.78,1,0,1,0,0,0,"65","",-1,-1,1,0,1,0,-2,-2,-1,-1,-1,-1,-1,-1,50,50,3.90,70,90,70,60,40,50,90,8.00,5.20,2.41,3.55,3.04,0.00,0.00,0.00,0.00,0.00,0.00,BBVA Compass Stadium
1463340600,May 15 2016 - 7:30pm,complete,19080,Sporting KC,Orlando City,1.40,1.00,1.94,0.94,2,1,3,0,0,0,"74,79","67",6,4,2,0,0,0,18,6,10,0,8,6,9,5,64,36,2.83,78,78,68,25,13,45,90,10.50,3.40,1.73,3.95,5.15,0.00,0.00,0.00,0.00,0.00,0.00,Children's Mercy Park
1463357460,May 16 2016 - 12:11am,complete,21144,Portland Timbers,New York City,2.00,1.50,2.24,1.33,1,2,3,1,0,1,"55","12,65",10,2,1,0,2,0,18,8,9,5,9,3,4,6,67,33,3.80,75,100,75,55,25,58,78,7.50,5.15,1.75,4.07,4.79,0.00,0.00,0.00,0.00,0.00,0.00,Providence Park
1463612400,May 18 2016 - 11:00pm,complete,30262,Toronto,New York City,1.50,1.80,1.90,1.33,1,1,2,2,1,1,"42","16",9,1,1,0,4,0,12,4,7,2,5,2,14,13,61,39,3.90,55,75,55,45,45,55,90,10.50,5.60,1.63,4.22,5.73,0.00,0.00,0.00,0.00,0.00,0.00,BMO Field
1463614200,May 18 2016 - 11:30pm,complete,16624,New York RB,Chicago Fire,1.80,0.50,2.28,0.29,1,0,1,0,0,0,"58","",-1,-1,1,0,2,0,-2,-2,-1,-1,-1,-1,-1,-1,49,51,2.88,45,88,43,30,20,23,78,9.42,2.95,1.53,4.52,6.67,0.00,0.00,0.00,0.00,0.00,0.00,Red Bull Arena
1463785200,May 20 2016 - 11:00pm,complete,17364,Philadelphia Union,DC United,2.20,0.75,1.65,0.88,1,0,1,0,0,0,"90'1","",-1,-1,3,0,2,0,-2,-2,-1,-1,-1,-1,-1,-1,53,47,2.53,68,88,43,23,13,40,88,9.50,3.80,1.89,3.66,4.47,0.00,0.00,0.00,0.00,0.00,0.00,Talen Energy Stadium
1463859300,May 21 2016 - 7:35pm,complete,37858,New York City,New York RB,1.17,0.17,1.67,0.89,0,7,7,3,0,3,"","3,42,45'2,51,56,83,89",8,11,3,0,2,0,6,6,3,2,3,4,10,14,58,42,2.25,50,75,33,17,9,34,67,8.92,5.00,2.59,3.62,2.75,0.00,0.00,0.00,0.00,0.00,0.00,Yankee Stadium
1463864400,May 21 2016 - 9:00pm,complete,15363,Chicago Fire,Houston Dynamo,1.00,0.00,1.53,0.71,1,0,1,1,1,0,"3","",7,6,2,0,1,0,13,10,7,5,6,5,8,7,43,57,2.90,60,60,50,30,20,30,70,14.13,2.60,2.28,3.51,3.32,0.00,0.00,0.00,0.00,0.00,0.00,Toyota Park
1463864400,May 21 2016 - 9:00pm,complete,26252,Toronto,Columbus Crew,1.33,0.40,1.90,0.59,0,0,0,0,0,0,"","",13,6,2,0,1,0,8,10,6,5,2,5,10,6,49,51,2.47,54,64,27,17,17,34,70,13.60,3.33,2.01,3.71,3.87,0.00,0.00,0.00,0.00,0.00,0.00,BMO Field
1463873400,May 21 2016 - 11:30pm,complete,23472,New England Revolution,FC Dallas,1.67,1.00,1.82,1.11,2,4,6,4,2,2,"23,26","5,36,70,90",-1,-1,1,0,2,0,-2,-2,-1,-1,-1,-1,-1,-1,51,49,2.58,34,75,50,34,9,34,75,4.00,3.84,2.08,3.61,3.74,0.00,0.00,0.00,0.00,0.00,0.00,Gillette Stadium
1463873400,May 21 2016 - 11:30pm,complete,34081,Orlando City,Montreal Impact,1.40,1.33,1.47,1.25,2,1,3,2,1,1,"43,87","4",4,4,5,0,1,0,8,12,5,7,3,5,21,9,48,52,3.45,84,92,55,47,27,47,75,10.60,5.03,2.22,3.59,3.38,0.00,0.00,0.00,0.00,0.00,0.00,Camping World Stadium (Orlando- Florida)
1463877000,May 22 2016 - 12:30am,complete,20618,Sporting KC,Real Salt Lake,1.67,0.83,1.94,0.78,1,3,4,2,0,2,"50","32,45'2,53",10,3,1,0,1,0,9,3,3,2,6,1,11,7,55,45,2.92,75,75,67,25,9,25,67,10.00,4.67,1.97,3.63,4.13,0.00,0.00,0.00,0.00,0.00,0.00,Children's Mercy Park
1463882400,May 22 2016 - 2:00am,complete,41028,Seattle Sounders,Colorado Rapids,2.00,1.00,2.05,1.00,0,1,1,1,0,1,"","43",10,2,0,0,3,0,11,9,5,2,6,7,6,11,63,37,2.00,50,59,33,9,0,0,50,9.40,4.67,1.98,3.53,4.22,0.00,0.00,0.00,0.00,0.00,0.00,CenturyLink Field
1463949000,May 22 2016 - 8:30pm,complete,21144,Portland Timbers,Vancouver Whitecaps,1.67,1.00,2.24,0.88,4,2,6,2,2,0,"4,29,78,82","49,84",-1,-1,1,0,4,1,-2,-2,-1,-1,-1,-1,-1,-1,52,48,3.67,84,92,92,50,17,42,83,7.75,4.67,1.99,3.73,3.93,0.00,0.00,0.00,0.00,0.00,0.00,Providence Park
1463958000,May 22 2016 - 11:00pm,complete,27167,LA Galaxy,SJ Earthquakes,2.60,0.40,2.00,0.59,1,1,2,0,0,0,"83","87",6,5,0,0,1,0,10,8,4,3,6,5,9,6,50,50,4.00,90,100,70,70,30,30,60,7.83,3.80,1.58,4.45,5.91,0.00,0.00,0.00,0.00,0.00,0.00,Stubhub Center
1464219000,May 25 2016 - 11:30pm,complete,24109,Orlando City,Philadelphia Union,1.67,0.80,1.47,0.78,2,2,4,0,0,0,"68,71","52,75",8,6,4,1,2,0,7,7,2,5,5,2,18,10,56,44,2.77,80,90,54,25,9,44,90,11.90,5.70,2.01,3.62,3.99,0.00,0.00,0.00,0.00,0.00,0.00,Camping World Stadium (Orlando- Florida)
1464399000,May 28 2016 - 1:30am,complete,19118,Sporting KC,DC United,1.43,0.60,1.94,0.88,0,1,1,0,0,0,"","86",6,3,2,0,3,0,14,3,4,2,10,1,12,13,60,40,2.36,73,73,46,17,10,22,66,11.30,4.23,1.79,3.73,5.05,0.00,0.00,0.00,0.00,0.00,0.00,Children's Mercy Park
1464472800,May 28 2016 - 10:00pm,complete,22120,Vancouver Whitecaps,Houston Dynamo,2.00,0.00,1.41,0.71,1,1,2,1,0,1,"52","20",7,3,3,1,2,1,10,6,8,2,2,4,17,14,53,47,2.63,54,61,54,24,16,31,85,12.57,3.50,1.68,4.05,5.50,0.00,0.00,0.00,0.00,0.00,0.00,BC Place Stadium
1464476400,May 28 2016 - 11:00pm,complete,20324,New York RB,Toronto,2.00,1.38,2.28,1.37,3,0,3,3,3,0,"4,25,27","",-1,-1,1,1,2,0,-2,-2,-1,-1,-1,-1,-1,-1,51,49,2.75,36,73,38,32,17,21,71,10.42,3.17,2.06,3.78,3.63,0.00,0.00,0.00,0.00,0.00,0.00,Red Bull Arena
1464478200,May 28 2016 - 11:30pm,complete,21456,New England Revolution,Seattle Sounders,1.43,0.25,1.82,1.00,2,1,3,2,1,1,"24,80","7",5,5,1,0,0,0,8,9,4,2,4,7,8,6,55,45,2.59,66,86,40,27,7,27,79,5.00,3.32,1.87,3.70,4.54,0.00,0.00,0.00,0.00,0.00,0.00,Gillette Stadium
1464480000,May 29 2016 - 12:00am,complete,20801,Montreal Impact,LA Galaxy,1.60,1.20,1.68,1.11,3,2,5,2,1,1,"26,56,90'4","8,58",5,3,2,0,2,0,11,6,7,0,4,6,15,8,41,59,2.50,50,80,40,30,10,40,60,8.20,4.00,2.26,3.58,3.29,0.00,0.00,0.00,0.00,0.00,0.00,Stade Saputo
1464481800,May 29 2016 - 12:30am,complete,14729,Chicago Fire,Portland Timbers,1.33,0.33,1.53,0.35,1,1,2,2,1,1,"20","18",10,5,2,0,2,0,12,6,7,2,5,4,10,12,49,51,2.67,75,75,50,17,17,25,67,12.50,3.00,2.30,3.53,3.25,0.00,0.00,0.00,0.00,0.00,0.00,Toyota Park
1464483600,May 29 2016 - 1:00am,complete,18015,Colorado Rapids,Philadelphia Union,3.00,0.83,2.21,0.78,1,1,2,0,0,0,"87","90'2",-1,-1,0,0,0,0,-2,-2,-1,-1,-1,-1,-1,-1,51,49,2.17,50,58,42,17,0,9,59,5.60,5.00,1.82,3.64,4.98,0.00,0.00,0.00,0.00,0.00,0.00,Dick's Sporting Goods Park
1464484140,May 29 2016 - 1:09am,complete,14894,Columbus Crew,Real Salt Lake,1.60,1.14,1.53,0.78,4,3,7,3,2,1,"17,20,64,74","13,78,83",-1,-1,1,0,1,0,-2,-2,-1,-1,-1,-1,-1,-1,50,50,3.62,76,76,66,49,27,35,86,3.67,4.46,1.81,3.87,4.65,0.00,0.00,0.00,0.00,0.00,0.00,MAPFRE Stadium
1464489000,May 29 2016 - 2:30am,complete,18000,SJ Earthquakes,FC Dallas,2.67,1.29,1.65,1.11,0,0,0,0,0,0,"","",0,2,1,0,1,0,7,7,3,3,4,4,10,9,45,55,2.94,40,77,60,37,15,45,84,6.80,3.64,2.41,3.50,3.08,0.00,0.00,0.00,0.00,0.00,0.00,Avaya Stadium
1464553800,May 29 2016 - 8:30pm,complete,25039,New York City,Orlando City,1.00,0.80,1.67,0.94,2,2,4,1,1,0,"42,66","72,90'4",6,4,3,0,5,0,11,5,2,3,9,2,14,19,58,42,3.10,69,76,62,42,25,49,76,11.19,4.03,2.06,3.78,3.63,0.00,0.00,0.00,0.00,0.00,0.00,Yankee Stadium
1464822000,Jun 1 2016 - 11:00pm,complete,15543,Philadelphia Union,Columbus Crew,2.33,0.50,1.65,0.59,3,2,5,2,1,1,"21,57,84","14,90'3",-1,-1,3,0,1,1,-2,-2,-1,-1,-1,-1,-1,-1,49,51,1.92,42,67,34,9,0,34,58,10.67,2.17,2.27,3.45,3.39,0.00,0.00,0.00,0.00,0.00,0.00,Talen Energy Stadium
1464825600,Jun 2 2016 - 12:00am,complete,15174,DC United,Seattle Sounders,1.43,0.20,1.72,1.00,0,2,2,0,0,0,"","79,83",4,0,1,0,2,0,13,11,2,7,11,4,14,11,57,43,2.62,47,93,52,17,0,35,86,9.00,3.69,2.21,3.41,3.57,0.00,0.00,0.00,0.00,0.00,0.00,Robert F. Kennedy Memorial Stadium
1464834600,Jun 2 2016 - 2:30am,complete,21144,Portland Timbers,SJ Earthquakes,1.86,0.50,2.24,0.59,1,0,1,1,1,0,"11","",-1,-1,0,1,4,0,-2,-2,-1,-1,-1,-1,-1,-1,47,53,3.43,92,100,75,54,7,30,68,9.75,4.00,1.77,3.95,4.82,0.00,0.00,0.00,0.00,0.00,0.00,Providence Park
1464908400,Jun 2 2016 - 11:00pm,complete,22736,New York City,Real Salt Lake,1.00,1.00,1.67,0.78,2,3,5,0,0,0,"56,87","59,67,74",-1,-1,1,0,4,0,-2,-2,-1,-1,-1,-1,-1,-1,52,48,3.51,69,75,63,57,25,44,75,10.42,5.13,2.04,3.77,3.71,0.00,0.00,0.00,0.00,0.00,0.00,Yankee Stadium
1464915600,Jun 3 2016 - 1:00am,complete,13457,FC Dallas,Houston Dynamo,2.43,0.14,2.39,0.71,1,1,2,1,1,0,"23","51",-1,-1,1,0,0,0,-2,-2,-1,-1,-1,-1,-1,-1,51,49,2.64,57,79,43,22,7,29,86,11.80,3.57,1.66,4.20,5.43,0.00,0.00,0.00,0.00,0.00,0.00,Toyota Stadium
1464921000,Jun 3 2016 - 2:30am,complete,19651,LA Galaxy,Sporting KC,2.33,1.00,2.00,0.78,0,0,0,0,0,0,"","",0,8,2,0,1,0,2,12,0,5,2,7,8,12,55,45,3.02,65,79,41,34,25,38,54,9.05,3.47,1.71,4.13,5.05,0.00,0.00,0.00,0.00,0.00,0.00,Stubhub Center
1466269200,Jun 18 2016 - 5:00pm,complete,27456,New York City,Philadelphia Union,0.89,0.86,1.67,0.78,3,2,5,2,2,0,"8,21,50","55,88",0,6,4,1,2,0,11,13,5,8,6,5,17,15,51,49,2.88,69,82,50,35,17,29,62,12.35,4.19,2.11,3.71,3.54,0.00,0.00,0.00,0.00,0.00,0.00,Yankee Stadium
1466290800,Jun 18 2016 - 11:00pm,complete,22120,Vancouver Whitecaps,New England Revolution,1.88,0.50,1.41,0.65,1,2,3,2,1,1,"41","31,55",5,4,3,0,2,0,12,4,5,3,7,1,15,10,58,42,3.19,65,88,67,32,23,54,94,8.25,4.55,2.11,3.57,3.68,0.00,0.00,0.00,0.00,0.00,0.00,BC Place Stadium
1466292600,Jun 18 2016 - 11:30pm,complete,14814,Columbus Crew,Montreal Impact,1.83,1.14,1.53,1.25,0,0,0,0,0,0,"","",-1,-1,3,0,2,0,-2,-2,-1,-1,-1,-1,-1,-1,47,53,3.88,77,85,62,40,40,47,79,3.67,3.21,2.00,3.76,3.86,0.00,0.00,0.00,0.00,0.00,0.00,MAPFRE Stadium
1466292600,Jun 18 2016 - 11:30pm,complete,37194,Orlando City,SJ Earthquakes,1.57,0.43,1.47,0.59,2,2,4,0,0,0,"66,90'1","85,90'4",6,3,3,0,3,0,13,9,6,2,7,7,17,14,51,49,3.07,86,93,57,50,7,36,72,10.42,6.15,2.14,3.58,3.59,0.00,0.00,0.00,0.00,0.00,0.00,Camping World Stadium (Orlando- Florida)
1466292600,Jun 18 2016 - 11:30pm,complete,30025,Toronto,LA Galaxy,1.25,1.00,1.90,1.11,1,0,1,0,0,0,"76","",-1,-1,0,0,1,0,-2,-2,-1,-1,-1,-1,-1,-1,48,52,2.67,59,59,38,38,29,59,71,11.58,4.75,2.10,3.66,3.62,0.00,0.00,0.00,0.00,0.00,0.00,BMO Field
1466298000,Jun 19 2016 - 1:00am,complete,18103,Colorado Rapids,Chicago Fire,2.71,0.40,2.21,0.29,2,1,3,0,0,0,"57,89","81",-1,-1,1,0,1,0,-2,-2,-1,-1,-1,-1,-1,-1,49,51,1.73,42,52,25,7,0,10,52,2.67,4.23,1.80,3.71,4.99,0.00,0.00,0.00,0.00,0.00,0.00,Dick's Sporting Goods Park
1466300640,Jun 19 2016 - 1:44am,complete,19774,Houston Dynamo,DC United,1.83,1.00,1.29,0.88,0,0,0,0,0,0,"","",-1,-1,1,0,3,0,-2,-2,-1,-1,-1,-1,-1,-1,50,50,2.67,50,67,34,34,34,34,67,8.00,4.33,2.09,3.57,3.74,0.00,0.00,0.00,0.00,0.00,0.00,BBVA Compass Stadium
1466301600,Jun 19 2016 - 2:00am,complete,20317,Real Salt Lake,Portland Timbers,3.00,0.43,1.88,0.35,2,2,4,3,1,2,"17,70","29,44",-1,-1,2,0,3,0,-2,-2,-1,-1,-1,-1,-1,-1,47,53,2.43,75,75,54,7,7,34,48,5.50,2.61,2.06,3.68,3.72,0.00,0.00,0.00,0.00,0.00,0.00,Rio Tinto Stadium
1466370000,Jun 19 2016 - 9:00pm,complete,18927,Sporting KC,FC Dallas,1.25,1.25,1.94,1.11,2,0,2,2,2,0,"43,45'2","",0,5,3,0,0,0,6,8,2,0,4,8,12,9,40,60,2.88,50,75,69,32,13,44,76,10.17,3.50,2.28,3.43,3.40,0.00,0.00,0.00,0.00,0.00,0.00,Children's Mercy Park
1466379000,Jun 19 2016 - 11:30pm,complete,21102,New York RB,Seattle Sounders,2.14,0.67,2.28,1.00,2,0,2,1,1,0,"18,59","",4,5,4,0,2,0,6,12,2,5,4,7,7,14,49,51,3.05,48,93,54,30,15,31,77,10.50,2.93,1.67,4.14,5.41,0.00,0.00,0.00,0.00,0.00,0.00,Red Bull Arena
1466636400,Jun 22 2016 - 11:00pm,complete,16667,Philadelphia Union,Chicago Fire,2.43,0.33,1.65,0.29,4,3,7,4,3,1,"11,15,45'1,56","2,69,80",-1,-1,3,0,1,0,-2,-2,-1,-1,-1,-1,-1,-1,49,51,2.35,54,77,45,15,7,44,68,7.67,3.10,1.82,3.72,4.84,0.00,0.00,0.00,0.00,0.00,0.00,Talen Energy Stadium
1466647200,Jun 23 2016 - 2:00am,complete,18036,Real Salt Lake,New York RB,2.60,0.57,1.88,0.89,2,1,3,1,0,1,"65,87","7",-1,-1,2,0,2,1,-2,-2,-1,-1,-1,-1,-1,-1,50,50,2.63,45,73,52,17,7,35,56,4.00,3.57,2.33,3.57,3.17,0.00,0.00,0.00,0.00,0.00,0.00,Rio Tinto Stadium
1466649000,Jun 23 2016 - 2:30am,complete,21884,LA Galaxy,Colorado Rapids,2.14,1.29,2.00,1.00,0,0,0,0,0,0,"","",8,1,2,0,3,0,13,13,6,8,7,5,8,13,47,53,2.86,72,72,43,36,22,15,50,6.80,4.14,1.94,3.59,4.33,0.00,0.00,0.00,0.00,0.00,0.00,Stubhub Center
1466889300,Jun 25 2016 - 9:15pm,complete,47537,Seattle Sounders,New York City,1.71,1.67,2.05,1.33,0,2,2,1,0,1,"","38,87",4,5,0,0,2,0,10,8,4,7,6,1,9,15,58,42,2.61,48,72,40,17,17,34,70,9.50,4.54,2.00,3.70,3.92,0.00,0.00,0.00,0.00,0.00,0.00,CenturyLink Field
1466895600,Jun 25 2016 - 11:00pm,complete,17225,Philadelphia Union,Vancouver Whitecaps,2.50,0.86,1.65,0.88,2,3,5,3,1,2,"14,90'4","19,41,84",-1,-1,1,0,1,0,-2,-2,-1,-1,-1,-1,-1,-1,49,51,3.76,67,87,75,48,34,66,87,6.75,4.63,2.31,3.54,3.23,0.00,0.00,0.00,0.00,0.00,0.00,Talen Energy Stadium
1466895600,Jun 25 2016 - 11:00pm,complete,16051,DC United,New England Revolution,1.25,0.86,1.72,0.65,2,0,2,2,2,0,"20,27","",3,4,3,0,0,0,9,10,4,7,5,3,13,14,42,58,3.12,42,94,62,28,15,56,82,6.80,4.27,2.47,3.54,2.96,0.00,0.00,0.00,0.00,0.00,0.00,Robert F. Kennedy Memorial Stadium
1466897400,Jun 25 2016 - 11:30pm,complete,20032,Montreal Impact,Sporting KC,1.83,1.00,1.68,0.78,2,2,4,3,2,1,"16,39","21,59",2,6,3,0,1,0,11,12,6,5,5,7,12,10,57,43,2.25,38,75,32,17,9,36,59,11.00,3.50,2.29,3.59,3.22,0.00,0.00,0.00,0.00,0.00,0.00,Stade Saputo
1466897400,Jun 25 2016 - 11:30pm,complete,20389,Columbus Crew,New York RB,1.71,0.50,1.53,0.89,1,1,2,0,0,0,"90'3","52",-1,-1,1,0,4,0,-2,-2,-1,-1,-1,-1,-1,-1,53,47,3.30,55,80,54,28,28,34,81,4.00,4.46,2.44,3.63,2.94,0.00,0.00,0.00,0.00,0.00,0.00,MAPFRE Stadium
1466897400,Jun 25 2016 - 11:30pm,complete,27818,Orlando City,Toronto,1.50,1.22,1.47,1.37,3,2,5,1,1,0,"5,83,90'10","47,90",7,5,1,0,1,1,11,8,4,6,7,2,11,11,54,46,2.81,67,84,54,37,7,42,77,10.24,5.75,2.50,3.44,2.99,0.00,0.00,0.00,0.00,0.00,0.00,Camping World Stadium (Orlando- Florida)
1466899200,Jun 26 2016 - 12:00am,complete,13128,FC Dallas,Real Salt Lake,2.25,1.22,2.39,0.78,2,0,2,1,1,0,"18,58","",-1,-1,2,0,1,0,-2,-2,-1,-1,-1,-1,-1,-1,49,51,3.25,71,89,58,40,17,29,78,9.27,4.41,1.81,3.83,4.75,0.00,0.00,0.00,0.00,0.00,0.00,Toyota Stadium
1466906400,Jun 26 2016 - 2:00am,complete,50816,SJ Earthquakes,LA Galaxy,2.43,0.86,1.65,1.11,1,1,2,0,0,0,"90","69",-1,-1,0,0,2,1,-2,-2,-1,-1,-1,-1,-1,-1,50,50,2.22,50,57,36,29,15,43,57,4.66,3.72,2.51,3.50,2.92,0.00,0.00,0.00,0.00,0.00,0.00,Stanford Stadium (Stanford- California)
1466978400,Jun 26 2016 - 10:00pm,complete,21144,Portland Timbers,Houston Dynamo,2.00,0.25,2.24,0.71,3,2,5,2,0,2,"64,82,90'1","28,30",6,5,1,0,2,0,16,13,10,6,6,7,17,9,52,48,3.07,76,76,63,38,13,32,88,12.20,3.63,1.74,3.92,5.10,0.00,0.00,0.00,0.00,0.00,0.00,Providence Park
1467417600,Jul 2 2016 - 12:00am,complete,16487,Chicago Fire,SJ Earthquakes,1.29,0.50,1.53,0.59,1,0,1,0,0,0,"58","",5,3,2,0,3,0,14,6,9,4,5,2,16,12,44,56,2.59,66,73,40,32,7,21,61,10.89,3.67,2.30,3.44,3.34,0.00,0.00,0.00,0.00,0.00,0.00,Toyota Park
1467426600,Jul 2 2016 - 2:30am,complete,20389,Real Salt Lake,DC United,2.67,1.00,1.88,0.88,1,1,2,0,0,0,"57","90'2",-1,-1,2,0,2,0,-2,-2,-1,-1,-1,-1,-1,-1,47,53,2.04,55,55,41,16,7,17,47,4.00,4.03,1.88,3.66,4.51,0.00,0.00,0.00,0.00,0.00,0.00,Rio Tinto Stadium
1467495000,Jul 2 2016 - 9:30pm,complete,20279,Montreal Impact,New England Revolution,1.71,0.75,1.68,0.65,3,2,5,3,1,2,"40,48,54","18,33",4,7,0,0,2,0,5,10,3,5,2,5,12,10,50,50,3.39,60,100,66,41,20,66,86,8.43,3.59,2.02,3.74,3.82,0.00,0.00,0.00,0.00,0.00,0.00,Stade Saputo
1467502200,Jul 2 2016 - 11:30pm,complete,26750,Toronto,Seattle Sounders,1.60,0.57,1.90,1.00,1,1,2,0,0,0,"60","61",-1,-1,2,0,0,0,-2,-2,-1,-1,-1,-1,-1,-1,49,51,2.39,49,70,32,17,10,35,73,13.25,3.37,2.01,3.52,4.10,0.00,0.00,0.00,0.00,0.00,0.00,BMO Field
1467507600,Jul 3 2016 - 1:00am,complete,18457,Houston Dynamo,Philadelphia Union,1.71,0.75,1.29,0.78,1,0,1,0,0,0,"90'5","",-1,-1,0,0,2,1,-2,-2,-1,-1,-1,-1,-1,-1,48,52,2.88,59,80,47,34,28,41,67,9.67,3.31,2.08,3.63,3.73,0.00,0.00,0.00,0.00,0.00,0.00,BBVA Compass Stadium
1467561600,Jul 3 2016 - 4:00pm,complete,33613,New York City,New York RB,1.10,0.56,1.67,0.89,2,0,2,1,1,0,"8,66","",5,10,2,0,3,1,10,10,4,6,6,4,13,15,47,53,3.14,57,85,52,36,26,36,69,10.00,5.49,2.78,3.69,2.53,0.00,0.00,0.00,0.00,0.00,0.00,Yankee Stadium
1467586800,Jul 3 2016 - 11:00pm,complete,19332,Sporting KC,Columbus Crew,1.44,0.43,1.94,0.59,3,2,5,1,0,1,"49,56,90'1","22,75",5,2,4,0,1,1,12,5,6,4,6,1,15,7,61,39,2.15,55,68,43,13,7,29,55,11.38,2.96,1.86,3.76,4.50,0.00,0.00,0.00,0.00,0.00,0.00,Children's Mercy Park
1467680400,Jul 5 2016 - 1:00am,complete,18759,Colorado Rapids,Portland Timbers,2.75,0.50,2.21,0.35,0,0,0,0,0,0,"","",-1,-1,1,0,1,0,-2,-2,-1,-1,-1,-1,-1,-1,49,51,2.50,75,75,51,19,7,25,57,5.50,4.25,1.97,3.65,4.11,0.00,0.00,0.00,0.00,0.00,0.00,Dick's Sporting Goods Park
1467680400,Jul 5 2016 - 1:00am,complete,16195,FC Dallas,Orlando City,2.33,0.83,2.39,0.94,4,0,4,2,2,0,"11,21,61,90'2","",-1,-1,3,0,2,0,-2,-2,-1,-1,-1,-1,-1,-1,49,51,2.89,70,92,58,31,9,28,86,9.85,3.84,1.61,4.32,5.83,0.00,0.00,0.00,0.00,0.00,0.00,Toyota Stadium
1467685800,Jul 5 2016 - 2:30am,complete,27167,LA Galaxy,Vancouver Whitecaps,2.00,1.13,2.00,0.88,2,0,2,1,1,0,"12,47","",3,12,0,1,1,0,8,13,5,7,3,6,10,8,46,54,3.75,75,82,69,57,44,44,63,6.32,4.25,1.85,3.94,4.36,0.00,0.00,0.00,0.00,0.00,0.00,Stubhub Center
1467847800,Jul 6 2016 - 11:30pm,complete,18187,New England Revolution,New York City,1.63,1.86,1.82,1.33,0,1,1,0,0,0,"","58",11,3,1,1,0,0,12,12,6,7,6,5,7,8,50,50,2.90,60,88,41,27,21,48,75,8.00,4.21,1.76,3.98,4.88,0.00,0.00,0.00,0.00,0.00,0.00,Gillette Stadium
1468022400,Jul 9 2016 - 12:00am,complete,28104,Orlando City,Houston Dynamo,1.67,0.22,1.47,0.71,0,0,0,0,0,0,"","",7,5,0,0,0,0,7,13,3,6,4,7,8,12,60,40,3.28,84,84,61,50,22,39,84,12.63,5.11,2.15,3.63,3.51,0.00,0.00,0.00,0.00,0.00,0.00,Camping World Stadium (Orlando- Florida)
1468031400,Jul 9 2016 - 2:30am,complete,18000,SJ Earthquakes,FC Dallas,2.25,1.11,1.65,1.11,0,1,1,0,0,0,"","51",8,4,2,0,3,0,6,3,2,2,4,1,13,18,63,37,2.50,36,71,46,29,11,41,70,6.13,3.03,2.53,3.32,3.04,0.00,0.00,0.00,0.00,0.00,0.00,Avaya Stadium
1468090800,Jul 9 2016 - 7:00pm,complete,40813,Seattle Sounders,LA Galaxy,1.50,0.88,2.05,1.11,0,1,1,1,0,1,"","15",9,4,0,0,1,0,12,4,6,2,6,2,12,12,58,42,2.13,44,57,32,19,13,25,57,8.90,4.00,2.47,3.48,3.00,0.00,0.00,0.00,0.00,0.00,0.00,CenturyLink Field
1468105200,Jul 9 2016 - 11:00pm,complete,18463,Philadelphia Union,DC United,2.22,1.00,1.65,0.88,3,0,3,2,2,0,"20,37,47","",-1,-1,0,0,1,1,-2,-2,-1,-1,-1,-1,-1,-1,49,51,2.60,59,70,40,29,23,39,64,9.00,4.31,1.92,3.69,4.30,0.00,0.00,0.00,0.00,0.00,0.00,Talen Energy Stadium
1468107000,Jul 9 2016 - 11:30pm,complete,18434,New England Revolution,Columbus Crew,1.44,0.38,1.82,0.59,3,1,4,3,2,1,"3,34,71","42",2,4,4,0,1,0,10,11,6,6,4,5,15,10,47,53,2.29,53,65,36,24,18,23,53,13.14,3.17,2.09,3.59,3.73,0.00,0.00,0.00,0.00,0.00,0.00,Gillette Stadium
1468107000,Jul 9 2016 - 11:30pm,complete,27934,Toronto,Chicago Fire,1.50,0.29,1.90,0.29,1,0,1,1,1,0,"9","",8,3,0,0,0,0,15,10,8,3,7,7,14,16,56,44,2.37,54,61,30,16,16,31,54,11.92,3.40,1.87,3.76,4.46,0.00,0.00,0.00,0.00,0.00,0.00,BMO Field
1468116000,Jul 10 2016 - 2:00am,complete,22120,Vancouver Whitecaps,Colorado Rapids,1.67,1.25,1.41,1.00,2,2,4,1,1,0,"10,87","59,90'5",-1,-1,0,0,3,1,-2,-2,-1,-1,-1,-1,-1,-1,48,52,2.10,59,64,41,12,6,17,70,8.17,5.19,2.11,3.46,3.81,0.00,0.00,0.00,0.00,0.00,0.00,BC Place Stadium
1468116000,Jul 10 2016 - 2:00am,complete,20086,Real Salt Lake,Montreal Impact,2.43,1.13,1.88,1.25,1,1,2,1,0,1,"79","8",-1,-1,3,0,1,0,-2,-2,-1,-1,-1,-1,-1,-1,50,50,2.72,67,73,54,20,13,34,47,3.67,3.04,1.93,3.79,4.13,0.00,0.00,0.00,0.00,0.00,0.00,Rio Tinto Stadium
1468188000,Jul 10 2016 - 10:00pm,complete,19985,New York RB,Portland Timbers,2.25,0.56,2.28,0.35,0,0,0,0,0,0,"","",7,1,1,0,2,0,11,4,6,3,5,1,18,11,60,40,2.96,57,89,53,30,18,35,71,11.70,3.64,1.71,4.07,5.15,0.00,0.00,0.00,0.00,0.00,0.00,Red Bull Arena
1468195200,Jul 11 2016 - 12:00am,complete,19881,Sporting KC,New York City,1.60,2.00,1.94,1.33,3,1,4,3,2,1,"8,16,51","14",9,1,0,0,1,0,15,4,7,3,8,1,15,11,66,34,2.85,60,84,49,23,18,45,73,8.63,4.28,2.02,3.69,3.86,0.00,0.00,0.00,0.00,0.00,0.00,Children's Mercy Park
1468450800,Jul 13 2016 - 11:00pm,complete,13410,Columbus Crew,Toronto,1.63,1.10,1.53,1.37,1,1,2,0,0,0,"54","64",7,5,0,0,1,0,8,7,4,3,4,4,3,9,67,33,2.95,58,73,45,29,24,34,78,3.86,3.73,1.97,3.74,3.99,0.00,0.00,0.00,0.00,0.00,0.00,MAPFRE Stadium
1468452600,Jul 13 2016 - 11:30pm,complete,19121,New York RB,Orlando City,2.11,0.71,2.28,0.94,2,0,2,1,1,0,"37,59","",5,1,1,0,3,0,6,4,4,3,2,1,15,23,50,50,3.16,47,82,65,45,18,33,77,10.58,3.81,1.53,4.65,6.35,0.00,0.00,0.00,0.00,0.00,0.00,Red Bull Arena
1468462500,Jul 14 2016 - 2:15am,complete,13879,Chicago Fire,Sporting KC,1.50,1.00,1.53,0.78,1,0,1,1,1,0,"19","",2,8,3,0,3,0,3,10,2,3,1,7,17,15,36,64,1.96,42,53,24,12,7,35,60,12.17,3.27,2.49,3.35,3.08,0.00,0.00,0.00,0.00,0.00,0.00,Toyota Park
1468463400,Jul 14 2016 - 2:30am,complete,22120,Vancouver Whitecaps,Real Salt Lake,1.60,1.10,1.41,0.78,2,0,2,2,2,0,"34,37","",1,6,3,0,4,0,6,10,3,5,3,5,19,18,46,54,3.20,70,80,65,40,20,30,80,9.34,4.80,1.90,3.81,4.22,0.00,0.00,0.00,0.00,0.00,0.00,BC Place Stadium
1468463400,Jul 14 2016 - 2:30am,complete,40101,Seattle Sounders,FC Dallas,1.33,1.30,2.05,1.11,5,0,5,3,3,0,"6,18,22,61,73","",6,1,0,1,1,1,5,2,3,0,2,2,5,11,60,40,2.29,21,57,41,20,10,25,74,10.71,3.23,2.43,3.35,3.17,0.00,0.00,0.00,0.00,0.00,0.00,CenturyLink Field
1468463400,Jul 14 2016 - 2:30am,complete,21144,Portland Timbers,Montreal Impact,2.11,1.11,2.24,1.25,1,1,2,2,1,1,"14","44",-1,-1,1,0,3,0,-2,-2,-1,-1,-1,-1,-1,-1,51,49,3.28,78,84,67,39,22,39,73,9.67,3.56,1.91,3.78,4.22,0.00,0.00,0.00,0.00,0.00,0.00,Providence Park
1468638000,Jul 16 2016 - 3:00am,complete,25667,LA Galaxy,Houston Dynamo,2.11,0.30,2.00,0.71,1,0,1,0,0,0,"66","",-1,-1,2,0,1,0,-2,-2,-1,-1,-1,-1,-1,-1,47,53,2.86,64,69,42,37,27,26,62,10.24,3.06,1.63,4.13,5.81,0.00,0.00,0.00,0.00,0.00,0.00,Stubhub Center
1468711800,Jul 16 2016 - 11:30pm,complete,20065,Columbus Crew,DC United,1.56,0.89,1.53,0.88,1,1,2,0,0,0,"63","89",-1,-1,2,1,0,0,-2,-2,-1,-1,-1,-1,-1,-1,51,49,2.56,61,67,33,22,22,22,56,11.00,4.11,1.79,3.84,4.83,0.00,0.00,0.00,0.00,0.00,0.00,MAPFRE Stadium
1468717200,Jul 17 2016 - 1:00am,complete,18461,Colorado Rapids,Sporting KC,2.56,0.90,2.21,0.78,1,0,1,0,0,0,"78","",-1,-1,1,0,2,0,-2,-2,-1,-1,-1,-1,-1,-1,49,51,1.74,37,47,27,11,0,20,47,5.57,4.11,1.98,3.45,4.34,0.00,0.00,0.00,0.00,0.00,0.00,Dick's Sporting Goods Park
1468717200,Jul 17 2016 - 1:00am,complete,13942,FC Dallas,Chicago Fire,2.40,0.25,2.39,0.29,3,1,4,2,2,0,"23,41,90'2","90'1",-1,-1,0,0,0,0,-2,-2,-1,-1,-1,-1,-1,-1,52,48,2.49,50,82,39,17,7,28,77,8.35,3.18,1.46,4.68,7.90,0.00,0.00,0.00,0.00,0.00,0.00,Toyota Stadium
1468720800,Jul 17 2016 - 2:00am,complete,22120,Vancouver Whitecaps,Orlando City,1.73,0.63,1.41,0.94,2,2,4,3,2,1,"35,43","14,50",6,6,1,0,1,0,11,6,5,2,6,4,15,9,49,51,2.90,64,85,65,34,11,37,90,8.80,4.52,1.65,4.27,5.41,0.00,0.00,0.00,0.00,0.00,0.00,BC Place Stadium
1468720800,Jul 17 2016 - 2:00am,complete,19246,Real Salt Lake,New England Revolution,2.25,0.67,1.88,0.65,0,0,0,0,0,0,"","",-1,-1,1,0,3,0,-2,-2,-1,-1,-1,-1,-1,-1,48,52,3.08,71,88,64,29,17,57,75,3.57,3.39,2.09,3.72,3.60,0.00,0.00,0.00,0.00,0.00,0.00,Rio Tinto Stadium
1468722600,Jul 17 2016 - 2:30am,complete,18000,SJ Earthquakes,Toronto,2.00,1.09,1.65,1.37,2,1,3,2,1,1,"30,70","44",1,7,1,2,0,0,3,12,0,5,3,7,12,5,39,61,2.07,45,65,29,15,5,25,59,7.14,3.33,2.18,3.36,3.71,0.00,0.00,0.00,0.00,0.00,0.00,Avaya Stadium
1468782000,Jul 17 2016 - 7:00pm,complete,21144,Portland Timbers,Seattle Sounders,2.00,0.63,2.24,1.00,3,1,4,1,1,0,"44,50,64","59",4,12,1,0,2,0,10,10,5,4,5,6,12,10,48,52,3.00,77,95,59,32,10,38,83,10.00,3.18,2.09,3.55,3.77,0.00,0.00,0.00,0.00,0.00,0.00,Providence Park
1468789200,Jul 17 2016 - 9:00pm,complete,20801,Montreal Impact,New York City,1.88,1.78,1.68,1.33,1,3,4,2,0,2,"55","35,45'2,85",11,5,3,0,2,0,13,5,7,2,6,3,9,11,50,50,3.25,60,95,54,42,24,53,77,7.96,3.72,2.13,3.69,3.51,0.00,0.00,0.00,0.00,0.00,0.00,Stade Saputo (Montreal- Quebec)
1468796400,Jul 17 2016 - 11:00pm,complete,18500,Philadelphia Union,New York RB,2.30,0.50,1.65,0.89,2,2,4,2,0,2,"67,68","27,44",7,4,2,1,2,0,14,6,10,3,4,3,9,18,50,50,3.10,50,90,55,25,20,50,80,10.00,4.50,2.51,3.62,2.85,0.00,0.00,0.00,0.00,0.00,0.00,Talen Energy Stadium
1469242800,Jul 23 2016 - 3:00am,complete,19842,Real Salt Lake,SJ Earthquakes,2.11,0.44,1.88,0.59,1,1,2,1,0,1,"64","9",-1,-1,1,0,0,0,-2,-2,-1,-1,-1,-1,-1,-1,48,52,2.39,67,73,44,28,0,17,44,3.50,3.88,1.96,3.58,4.26,0.00,0.00,0.00,0.00,0.00,0.00,Rio Tinto Stadium
1469302200,Jul 23 2016 - 7:30pm,complete,21144,Portland Timbers,LA Galaxy,2.09,1.11,2.24,1.11,1,2,3,3,1,2,"41","7,11",7,5,0,0,0,0,16,5,10,3,6,2,8,6,62,38,2.94,74,74,58,44,20,45,74,8.35,4.06,2.30,3.53,3.25,0.00,0.00,0.00,0.00,0.00,0.00,Providence Park
1469316600,Jul 23 2016 - 11:30pm,complete,26349,Toronto,DC United,1.71,0.90,1.90,0.88,4,1,5,4,3,1,"21,29,39,90'1","24",5,3,3,0,2,0,12,9,7,5,5,4,11,18,47,53,1.90,47,52,17,12,12,20,49,13.00,3.97,1.96,3.55,4.28,0.00,0.00,0.00,0.00,0.00,0.00,BMO Field
1469316600,Jul 23 2016 - 11:30pm,complete,20801,Montreal Impact,Philadelphia Union,1.67,0.67,1.68,0.78,5,1,6,2,2,0,"19,42,52,87,90'1","72",6,4,3,0,2,0,11,7,4,4,7,3,15,14,44,56,3.00,67,89,56,39,17,39,67,11.56,3.67,1.96,3.66,4.14,0.00,0.00,0.00,0.00,0.00,0.00,Stade Saputo
1469316600,Jul 23 2016 - 11:30pm,complete,20034,Columbus Crew,Orlando City,1.50,0.67,1.53,0.94,2,2,4,2,2,0,"20,45'6","65,69",9,3,0,0,3,0,14,10,8,5,6,5,10,11,54,46,3.27,74,85,59,43,21,37,75,11.00,3.81,1.63,4.27,5.69,0.00,0.00,0.00,0.00,0.00,0.00,MAPFRE Stadium
1469316600,Jul 23 2016 - 11:30pm,complete,21872,New England Revolution,Chicago Fire,1.60,0.22,1.82,0.29,1,0,1,0,0,0,"85","",8,6,1,0,2,0,19,14,13,6,6,8,13,10,51,49,2.53,58,69,42,26,11,37,64,8.75,3.12,1.64,4.05,5.95,0.00,0.00,0.00,0.00,0.00,0.00,Gillette Stadium
1469323800,Jul 24 2016 - 1:30am,complete,16465,Houston Dynamo,Vancouver Whitecaps,1.88,1.00,1.29,0.88,0,0,0,0,0,0,"","",-1,-1,1,0,1,0,-2,-2,-1,-1,-1,-1,-1,-1,52,48,3.38,53,76,58,47,41,53,76,7.80,3.81,2.07,3.66,3.72,0.00,0.00,0.00,0.00,0.00,0.00,BBVA Compass Stadium
1469323800,Jul 24 2016 - 1:30am,complete,18178,Colorado Rapids,FC Dallas,2.60,1.18,2.21,1.11,1,1,2,1,1,0,"44","82",-1,-1,1,0,0,0,-2,-2,-1,-1,-1,-1,-1,-1,48,52,2.40,29,57,47,28,14,28,56,3.43,4.00,2.31,3.43,3.32,0.00,0.00,0.00,0.00,0.00,0.00,Dick's Sporting Goods Park
1469379600,Jul 24 2016 - 5:00pm,complete,25218,New York RB,New York City,2.20,1.90,2.28,1.33,4,1,5,4,3,1,"20,23,41,70","43",1,5,2,0,5,1,8,3,5,0,3,3,11,9,59,41,3.00,40,85,45,35,20,40,75,9.14,3.80,1.69,4.23,5.02,0.00,0.00,0.00,0.00,0.00,0.00,Red Bull Arena
1469386800,Jul 24 2016 - 7:00pm,complete,18563,Sporting KC,Seattle Sounders,1.73,0.56,1.94,1.00,3,0,3,2,2,0,"21,45'3,79","",4,0,2,0,2,0,14,0,5,0,9,0,6,5,69,31,2.75,70,91,54,25,5,34,76,11.33,3.17,1.94,3.54,4.40,0.00,0.00,0.00,0.00,0.00,0.00,Children's Mercy Park
1469905200,Jul 30 2016 - 7:00pm,complete,25711,New York City,Colorado Rapids,1.27,1.22,1.67,1.00,5,1,6,2,2,0,"28,42,75,81,84","90'2",3,5,2,0,2,1,13,7,6,2,7,5,6,14,52,48,2.68,60,69,44,39,18,23,65,8.40,5.55,2.19,3.61,3.43,0.00,0.00,0.00,0.00,0.00,0.00,Yankee Stadium
1469988000,Jul 31 2016 - 6:00pm,complete,19098,Sporting KC,Portland Timbers,1.83,0.60,1.94,0.35,1,0,1,0,0,0,"50","",5,4,2,0,3,0,8,6,5,2,3,4,20,14,53,47,2.62,74,82,59,23,9,45,68,10.40,3.65,1.95,3.74,4.06,0.00,0.00,0.00,0.00,0.00,0.00,Children's Mercy Park
1469995200,Jul 31 2016 - 8:00pm,complete,48458,Seattle Sounders,LA Galaxy,1.50,1.30,2.05,1.11,1,1,2,0,0,0,"49","78",2,3,0,0,1,0,14,7,9,3,5,4,12,11,60,40,2.20,40,55,35,20,15,30,65,9.98,3.50,2.46,3.58,2.95,0.00,0.00,0.00,0.00,0.00,0.00,CenturyLink Field
1470002400,Jul 31 2016 - 10:00pm,complete,13824,FC Dallas,Vancouver Whitecaps,2.45,1.00,2.39,0.88,2,0,2,0,0,0,"56,59","",-1,-1,0,0,0,0,-2,-2,-1,-1,-1,-1,-1,-1,50,50,3.17,58,90,58,39,20,43,86,9.40,4.04,1.75,3.97,5.01,0.00,0.00,0.00,0.00,0.00,0.00,Toyota Stadium
1470004200,Jul 31 2016 - 10:30pm,complete,16728,DC United,Montreal Impact,1.44,1.10,1.72,1.25,1,1,2,1,1,0,"20","86",4,3,2,0,2,1,12,8,5,2,7,6,19,10,54,46,2.57,41,85,37,16,10,37,64,7.56,4.02,2.45,3.49,3.03,0.00,0.00,0.00,0.00,0.00,0.00,Robert F. Kennedy Memorial Stadium
1470006000,Jul 31 2016 - 11:00pm,complete,17221,Chicago Fire,New York RB,1.67,0.55,1.53,0.89,2,2,4,3,2,1,"35,45'2","16,90",1,10,2,0,3,0,4,8,3,5,1,3,18,9,38,62,2.41,45,68,34,15,10,25,70,11.30,4.56,3.09,3.61,2.36,0.00,0.00,0.00,0.00,0.00,0.00,Toyota Park
1470006000,Jul 31 2016 - 11:00pm,complete,18091,Philadelphia Union,Real Salt Lake,2.18,1.00,1.65,0.78,1,2,3,1,1,0,"44","48,54",-1,-1,2,0,2,0,-2,-2,-1,-1,-1,-1,-1,-1,48,52,3.60,64,87,69,50,27,59,82,10.25,4.37,2.05,3.68,3.78,0.00,0.00,0.00,0.00,0.00,0.00,Talen Energy Stadium
1470007800,Jul 31 2016 - 11:30pm,complete,27768,Orlando City,New England Revolution,1.60,0.70,1.47,0.65,3,1,4,1,0,1,"46,64,83","19",5,2,1,0,1,0,11,9,5,4,6,5,13,15,55,45,3.35,75,90,70,50,25,60,80,10.24,5.10,2.39,3.64,3.02,0.00,0.00,0.00,0.00,0.00,0.00,Camping World Stadium (Orlando- Florida)
1470007800,Jul 31 2016 - 11:30pm,complete,23979,Toronto,Columbus Crew,1.88,0.33,1.90,0.59,3,0,3,2,2,0,"8,24,87","",3,3,0,0,2,0,8,11,5,5,3,6,10,10,46,54,2.41,53,59,35,29,24,30,60,13.33,3.19,2.05,3.62,3.84,0.00,0.00,0.00,0.00,0.00,0.00,BMO Field
1470013200,Aug 1 2016 - 1:00am,complete,15045,Houston Dynamo,SJ Earthquakes,1.78,0.50,1.29,0.59,1,1,2,1,1,0,"45'2","59",-1,-1,2,0,1,0,-2,-2,-1,-1,-1,-1,-1,-1,47,53,2.52,52,68,37,37,17,27,53,7.50,3.42,2.05,3.47,4.00,0.00,0.00,0.00,0.00,0.00,0.00,BBVA Compass Stadium
1470265200,Aug 3 2016 - 11:00pm,complete,27859,Toronto,Real Salt Lake,2.00,1.17,1.90,0.78,1,0,1,0,0,0,"68","",3,2,0,0,1,0,9,9,2,4,7,5,7,7,43,57,3.01,56,70,50,36,24,39,71,11.82,4.23,1.77,3.97,4.83,0.00,0.00,0.00,0.00,0.00,0.00,BMO Field
1470452400,Aug 6 2016 - 3:00am,complete,18000,SJ Earthquakes,New York City,2.10,1.73,1.65,1.33,0,0,0,0,0,0,"","",9,3,0,0,0,0,11,8,4,4,7,4,6,16,53,47,2.63,57,76,43,28,14,47,66,6.10,4.25,2.08,3.62,3.73,0.00,0.00,0.00,0.00,0.00,0.00,Avaya Stadium
1470524400,Aug 6 2016 - 11:00pm,complete,16392,DC United,Philadelphia Union,1.40,0.60,1.72,0.78,2,2,4,2,1,1,"16,90'4","45'1,57",6,5,1,0,2,0,10,6,6,2,4,4,13,9,54,46,2.60,45,85,40,20,10,30,65,9.33,4.20,2.19,3.54,3.49,0.00,0.00,0.00,0.00,0.00,0.00,Robert F. Kennedy Memorial Stadium
1470526200,Aug 6 2016 - 11:30pm,complete,20801,Montreal Impact,Houston Dynamo,1.80,0.27,1.68,0.71,1,0,1,0,0,0,"76","",6,4,1,0,2,0,16,9,4,6,12,3,8,15,50,50,3.08,63,78,53,44,24,44,77,11.76,3.25,1.84,3.79,4.59,0.00,0.00,0.00,0.00,0.00,0.00,Stade Saputo
1470526200,Aug 6 2016 - 11:30pm,complete,27495,Toronto,New England Revolution,2.10,0.64,1.90,0.65,4,1,5,2,2,0,"20,29,76,90'3","88",-1,-1,0,0,1,0,-2,-2,-1,-1,-1,-1,-1,-1,50,50,2.88,52,71,52,33,24,57,76,10.38,3.31,2.02,3.64,3.92,0.00,0.00,0.00,0.00,0.00,0.00,BMO Field
1470531600,Aug 7 2016 - 1:00am,complete,17526,Colorado Rapids,Vancouver Whitecaps,2.45,0.91,2.21,0.88,2,0,2,1,1,0,"44,60","",-1,-1,0,0,3,0,-2,-2,-1,-1,-1,-1,-1,-1,49,51,2.59,50,64,46,27,18,23,55,3.80,4.09,1.78,3.76,5.11,0.00,0.00,0.00,0.00,0.00,0.00,Dick's Sporting Goods Park
1470535200,Aug 7 2016 - 2:00am,complete,19909,Real Salt Lake,Chicago Fire,2.00,0.20,1.88,0.29,3,1,4,2,2,0,"14,28,64","58",-1,-1,1,0,1,0,-2,-2,-1,-1,-1,-1,-1,-1,53,47,2.25,60,65,40,15,5,25,55,3.40,2.70,1.86,3.77,4.50,0.00,0.00,0.00,0.00,0.00,0.00,Rio Tinto Stadium
1470600000,Aug 7 2016 - 8:00pm,complete,21144,Portland Timbers,Sporting KC,1.92,0.82,2.24,0.78,3,0,3,0,0,0,"65,87,90'2","",0,13,0,1,2,1,3,12,2,8,1,4,10,14,29,71,2.57,60,69,51,30,9,43,74,11.40,3.58,2.12,3.54,3.69,0.00,0.00,0.00,0.00,0.00,0.00,Providence Park
1470610800,Aug 7 2016 - 11:00pm,complete,28247,Orlando City,Seattle Sounders,1.73,0.50,1.47,1.00,1,3,4,3,1,2,"7","14,37,48",4,3,3,0,4,0,8,4,2,3,6,1,14,16,53,47,3.03,76,96,62,42,9,33,77,11.07,4.41,2.16,3.62,3.49,0.00,0.00,0.00,0.00,0.00,0.00,Camping World Stadium (Orlando- Florida)
1470619800,Aug 8 2016 - 1:30am,complete,25671,LA Galaxy,New York RB,2.20,0.58,2.00,0.89,2,2,4,0,0,0,"80,89","68,74",3,5,2,0,2,0,7,11,5,6,2,5,8,14,55,45,2.91,55,81,45,33,19,27,58,9.88,4.60,1.92,3.75,4.21,0.00,0.00,0.00,0.00,0.00,0.00,Stubhub Center
1471057200,Aug 13 2016 - 3:00am,complete,22120,Vancouver Whitecaps,SJ Earthquakes,1.67,0.55,1.41,0.59,1,2,3,1,0,1,"90'4","14,60",-1,-1,0,0,1,0,-2,-2,-1,-1,-1,-1,-1,-1,49,51,2.61,70,83,47,31,4,26,74,8.77,4.26,2.11,3.55,3.70,0.00,0.00,0.00,0.00,0.00,0.00,BC Place Stadium
1471129200,Aug 13 2016 - 11:00pm,complete,23459,New York RB,Montreal Impact,2.27,1.09,2.28,1.25,3,1,4,3,2,1,"22,41,46","21",9,3,2,0,3,1,10,6,4,4,6,2,14,14,52,48,2.87,50,82,41,27,23,32,69,9.07,3.64,1.71,4.07,5.10,0.00,0.00,0.00,0.00,0.00,0.00,Red Bull Arena
1471131000,Aug 13 2016 - 11:30pm,complete,18189,Columbus Crew,New York City,1.45,1.67,1.53,1.33,3,3,6,1,0,1,"49,80,90'5","41,83,90'2",8,2,1,0,0,1,12,4,4,3,8,1,7,12,56,44,3.18,70,83,48,39,26,47,70,11.20,3.88,1.91,3.89,4.09,0.00,0.00,0.00,0.00,0.00,0.00,MAPFRE Stadium
1471131000,Aug 13 2016 - 11:30pm,complete,17127,New England Revolution,Philadelphia Union,1.73,0.64,1.82,0.78,0,4,4,1,0,1,"","2,51,54,90'3",9,3,2,0,1,0,19,9,12,6,7,3,15,10,52,48,2.68,64,73,46,32,14,36,60,11.88,3.82,1.96,3.78,3.98,0.00,0.00,0.00,0.00,0.00,0.00,Gillette Stadium
1471132800,Aug 14 2016 - 12:00am,complete,16298,DC United,Portland Timbers,1.36,0.55,1.72,0.35,2,0,2,2,2,0,"7,29","",7,4,2,0,3,0,12,10,5,3,7,7,16,10,51,49,2.36,50,82,41,18,5,36,64,8.59,4.09,2.42,3.48,3.08,0.00,0.00,0.00,0.00,0.00,0.00,Robert F. Kennedy Memorial Stadium
1471136400,Aug 14 2016 - 1:00am,complete,13408,FC Dallas,Sporting KC,2.50,0.75,2.39,0.78,2,2,4,0,0,0,"66,76","68,73",-1,-1,2,0,2,0,-2,-2,-1,-1,-1,-1,-1,-1,53,47,2.21,38,75,34,17,0,33,67,12.10,3.67,1.74,3.85,5.27,0.00,0.00,0.00,0.00,0.00,0.00,Toyota Stadium
1471141800,Aug 14 2016 - 2:30am,complete,25667,LA Galaxy,Colorado Rapids,2.09,1.10,2.00,1.00,1,1,2,0,0,0,"62","51",10,1,1,0,1,0,19,8,11,3,8,5,10,11,60,40,2.70,62,67,43,38,19,14,48,7.08,4.64,1.76,3.80,5.16,0.00,0.00,0.00,0.00,0.00,0.00,Stubhub Center
1471204800,Aug 14 2016 - 8:00pm,complete,18148,Chicago Fire,Orlando City,1.60,0.70,1.53,0.94,2,2,4,3,1,2,"6,78","9,32",7,5,1,0,2,0,15,13,7,6,8,7,16,16,47,53,2.80,60,70,55,40,10,40,80,9.76,3.80,1.94,3.77,4.08,0.00,0.00,0.00,0.00,0.00,0.00,Toyota Park
1471215600,Aug 14 2016 - 11:00pm,complete,39491,Seattle Sounders,Real Salt Lake,1.45,1.08,2.05,0.78,2,1,3,2,2,0,"24,37","62",6,3,0,0,1,0,13,6,4,3,9,3,6,12,56,44,2.69,45,66,45,28,16,20,67,10.10,3.81,1.79,3.87,4.77,0.00,0.00,0.00,0.00,0.00,0.00,CenturyLink Field
1471223700,Aug 15 2016 - 1:15am,complete,17474,Houston Dynamo,Toronto,1.70,1.00,1.29,1.37,1,1,2,2,1,1,"8","24",-1,-1,0,1,1,0,-2,-2,-1,-1,-1,-1,-1,-1,49,51,2.41,45,68,36,24,19,37,68,8.33,3.13,2.39,3.44,3.16,0.00,0.00,0.00,0.00,0.00,0.00,BBVA Compass Stadium
1471662000,Aug 20 2016 - 3:00am,complete,18000,SJ Earthquakes,Houston Dynamo,2.00,0.25,1.65,0.71,1,2,3,1,0,1,"54","6,50",12,3,2,0,3,0,15,5,5,4,10,1,11,21,62,38,2.03,48,53,30,17,9,26,56,9.19,3.05,1.88,3.54,4.75,0.00,0.00,0.00,0.00,0.00,0.00,Avaya Stadium
1471721400,Aug 20 2016 - 7:30pm,complete,35509,New York City,LA Galaxy,1.42,1.27,1.67,1.11,1,0,1,1,1,0,"6","",5,5,0,0,1,0,9,9,4,0,5,9,9,10,43,57,2.97,66,74,47,43,30,48,65,8.81,4.50,2.35,3.68,3.05,0.00,0.00,0.00,0.00,0.00,0.00,Yankee Stadium
1471734000,Aug 20 2016 - 11:00pm,complete,18271,Philadelphia Union,Toronto,2.00,1.00,1.65,1.37,1,3,4,4,1,3,"24","18,30,44",8,5,2,0,4,0,12,6,6,5,6,1,15,11,52,48,2.94,61,85,57,29,17,57,85,10.33,3.44,2.30,3.66,3.15,0.00,0.00,0.00,0.00,0.00,0.00,Talen Energy Stadium
1471735800,Aug 20 2016 - 11:30pm,complete,20801,Montreal Impact,Chicago Fire,1.91,0.18,1.68,0.29,0,3,3,1,0,1,"","15,73,89",7,1,2,0,1,0,8,7,6,3,2,4,10,13,58,42,3.00,60,78,55,41,18,46,69,9.31,3.00,1.64,4.11,5.79,0.00,0.00,0.00,0.00,0.00,0.00,Stade Saputo
1471735800,Aug 20 2016 - 11:30pm,complete,20224,New England Revolution,Columbus Crew,1.58,0.30,1.82,0.59,0,2,2,1,0,1,"","8,49",8,2,3,0,1,0,16,12,7,7,9,5,12,10,50,50,2.50,50,69,46,32,14,32,59,11.78,3.33,1.96,3.82,3.94,0.00,0.00,0.00,0.00,0.00,0.00,Gillette Stadium
1471741200,Aug 21 2016 - 1:00am,complete,16813,Colorado Rapids,Orlando City,2.50,0.73,2.21,0.94,0,0,0,0,0,0,"","",-1,-1,1,0,3,0,-2,-2,-1,-1,-1,-1,-1,-1,50,50,2.60,58,71,54,36,5,28,67,4.00,3.93,1.60,4.20,6.23,0.00,0.00,0.00,0.00,0.00,0.00,Dick's Sporting Goods Park
1471744800,Aug 21 2016 - 2:00am,complete,20159,Sporting KC,Vancouver Whitecaps,1.92,0.83,1.94,0.88,2,0,2,1,1,0,"39,64","",8,5,3,0,0,0,11,8,4,4,7,4,10,16,61,39,3.01,56,80,60,33,21,44,72,9.53,4.02,1.66,4.10,5.60,0.00,0.00,0.00,0.00,0.00,0.00,Children's Mercy Park
1471744800,Aug 21 2016 - 2:00am,complete,19939,Real Salt Lake,FC Dallas,2.09,1.17,1.88,1.11,1,0,1,0,0,0,"78","",-1,-1,3,0,2,0,-2,-2,-1,-1,-1,-1,-1,-1,48,52,2.64,49,74,52,30,13,39,69,3.43,3.19,2.38,3.56,3.08,0.00,0.00,0.00,0.00,0.00,0.00,Rio Tinto Stadium
1471806000,Aug 21 2016 - 7:00pm,complete,15139,DC United,New York RB,1.50,0.62,1.72,0.89,2,2,4,1,0,1,"70,73","38,64",8,3,2,0,1,0,17,9,10,4,7,5,17,14,53,47,2.71,40,92,44,24,4,37,72,9.77,5.00,2.75,3.55,2.63,0.00,0.00,0.00,0.00,0.00,0.00,Robert F. Kennedy Memorial Stadium
1471829400,Aug 22 2016 - 1:30am,complete,53302,Seattle Sounders,Portland Timbers,1.58,0.50,2.05,0.35,3,1,4,0,0,0,"61,80,83","90'3",6,3,3,0,1,0,13,9,6,4,7,5,7,12,54,46,2.17,50,67,38,13,8,30,63,10.70,3.25,1.70,3.94,5.42,0.00,0.00,0.00,0.00,0.00,0.00,CenturyLink Field
1472081400,Aug 24 2016 - 11:30pm,complete,19740,Montreal Impact,DC United,1.75,0.82,1.68,0.88,1,1,2,1,0,1,"77","39",9,5,1,0,3,1,12,6,5,2,7,4,13,16,61,39,2.76,57,78,47,34,22,34,60,9.75,4.11,1.87,3.76,4.45,0.00,0.00,0.00,0.00,0.00,0.00,Stade Saputo
1472081400,Aug 24 2016 - 11:30pm,complete,13114,Columbus Crew,Philadelphia Union,1.42,0.83,1.53,0.78,1,2,3,0,0,0,"73","60,74",-1,-1,0,0,1,0,-2,-2,-1,-1,-1,-1,-1,-1,50,50,3.29,75,83,54,42,25,33,67,13.11,3.42,1.82,4.00,4.43,0.00,0.00,0.00,0.00,0.00,0.00,MAPFRE Stadium
1472081400,Aug 24 2016 - 11:30pm,complete,23802,Orlando City,Toronto,1.58,1.14,1.47,1.37,1,2,3,1,0,1,"56","7,86",1,7,2,0,1,0,8,11,5,8,3,3,11,10,55,45,2.96,75,86,59,44,12,43,77,10.67,4.85,2.59,3.47,2.85,0.00,0.00,0.00,0.00,0.00,0.00,Camping World Stadium (Orlando- Florida)
1472085000,Aug 25 2016 - 12:30am,complete,16179,Chicago Fire,LA Galaxy,1.55,1.17,1.53,1.11,2,2,4,3,2,1,"34,39","31,69",2,1,1,0,3,0,13,6,8,2,5,4,16,10,52,48,2.31,57,57,35,26,13,39,66,9.43,3.47,2.76,3.40,2.71,0.00,0.00,0.00,0.00,0.00,0.00,Toyota Park
1472086800,Aug 25 2016 - 1:00am,complete,16125,Houston Dynamo,Seattle Sounders,1.64,0.73,1.29,1.00,1,1,2,0,0,0,"75","90'4",-1,-1,0,0,1,0,-2,-2,-1,-1,-1,-1,-1,-1,47,53,2.59,55,82,41,27,14,41,73,8.38,3.09,2.51,3.38,3.02,0.00,0.00,0.00,0.00,0.00,0.00,BBVA Compass Stadium
1472092200,Aug 25 2016 - 2:30am,complete,18000,SJ Earthquakes,New England Revolution,1.83,0.58,1.65,0.65,0,0,0,0,0,0,"","",4,5,3,0,2,0,8,12,3,4,5,8,12,15,51,49,2.71,59,75,54,29,17,50,71,7.78,3.41,1.95,3.69,4.13,0.00,0.00,0.00,0.00,0.00,0.00,Avaya Stadium
1472256000,Aug 27 2016 - 12:00am,complete,20134,Real Salt Lake,Colorado Rapids,2.17,1.09,1.88,1.00,2,1,3,2,1,1,"39,48","5",-1,-1,0,0,3,0,-2,-2,-1,-1,-1,-1,-1,-1,49,51,2.27,66,66,39,22,5,17,53,2.63,4.32,2.41,3.38,3.18,0.00,0.00,0.00,0.00,0.00,0.00,Rio Tinto Stadium
1472338800,Aug 27 2016 - 11:00pm,complete,17911,Philadelphia Union,Sporting KC,1.85,0.77,1.65,0.78,2,0,2,0,0,0,"67,90'2","",-1,-1,2,0,2,2,-2,-2,-1,-1,-1,-1,-1,-1,48,52,2.73,50,73,54,31,12,54,69,13.17,3.84,2.35,3.54,3.15,0.00,0.00,0.00,0.00,0.00,0.00,Talen Energy Stadium
1472338800,Aug 27 2016 - 11:00pm,complete,15720,DC United,Chicago Fire,1.46,0.42,1.72,0.29,6,2,8,5,3,2,"25,40,45'1,51,74,89","31,45'2",9,0,1,0,2,1,10,6,5,3,5,3,19,11,61,39,2.56,41,80,44,24,4,36,72,7.62,3.33,1.87,3.77,4.43,0.00,0.00,0.00,0.00,0.00,0.00,Robert F. Kennedy Memorial Stadium
1472340600,Aug 27 2016 - 11:30pm,complete,20031,Columbus Crew,SJ Earthquakes,1.31,0.75,1.53,0.59,2,0,2,1,1,0,"32,84","",9,2,0,0,1,0,13,7,5,3,8,4,10,7,54,46,3.02,80,84,48,36,16,20,60,11.50,3.38,2.05,3.65,3.80,0.00,0.00,0.00,0.00,0.00,0.00,MAPFRE Stadium
1472340600,Aug 27 2016 - 11:30pm,complete,28454,Toronto,Montreal Impact,2.18,1.00,1.90,1.25,0,1,1,0,0,0,"","73",11,1,3,0,3,1,11,6,4,2,7,4,11,11,60,40,2.69,60,69,39,26,22,44,66,10.50,3.52,1.75,3.96,4.96,0.00,0.00,0.00,0.00,0.00,0.00,BMO Field
1472346000,Aug 28 2016 - 1:00am,complete,18769,Houston Dynamo,FC Dallas,1.58,1.08,1.29,1.11,1,3,4,1,1,0,"19","59,60,79",-1,-1,1,0,0,0,-2,-2,-1,-1,-1,-1,-1,-1,51,49,2.59,37,68,40,32,24,44,68,7.43,3.10,2.95,3.46,2.52,0.00,0.00,0.00,0.00,0.00,0.00,BBVA Compass Stadium
1472351400,Aug 28 2016 - 2:30am,complete,25667,LA Galaxy,Vancouver Whitecaps,2.00,0.77,2.00,0.88,0,0,0,0,0,0,"","",8,5,1,0,1,0,11,6,6,4,5,2,6,16,62,38,3.08,57,80,48,40,28,28,55,8.80,3.66,1.59,4.23,6.29,0.00,0.00,0.00,0.00,0.00,0.00,Stubhub Center
1472409000,Aug 28 2016 - 6:30pm,complete,22600,New York RB,New England Revolution,2.33,0.62,2.28,0.65,1,0,1,0,0,0,"55","",3,3,2,0,3,0,16,12,5,3,11,9,13,16,57,43,3.20,48,84,60,44,28,51,80,9.45,3.52,1.61,4.38,5.70,0.00,0.00,0.00,0.00,0.00,0.00,Red Bull Arena
1472418000,Aug 28 2016 - 9:00pm,complete,21144,Portland Timbers,Seattle Sounders,2.00,0.75,2.24,1.00,4,2,6,4,4,0,"16,21,29,44","47,51",3,1,0,0,4,0,15,10,8,4,7,6,10,14,48,52,3.11,76,96,68,36,8,40,80,9.38,3.29,2.13,3.67,3.53,0.00,0.00,0.00,0.00,0.00,0.00,Providence Park
1472425200,Aug 28 2016 - 11:00pm,complete,27482,Orlando City,New York City,1.46,1.62,1.47,1.33,2,1,3,1,1,0,"32,63","55",4,8,1,0,2,0,10,10,3,3,7,7,16,9,54,46,3.35,77,89,66,54,23,46,77,8.92,5.16,2.31,3.79,3.04,0.00,0.00,0.00,0.00,0.00,0.00,Camping World Stadium (Orlando- Florida)
1472770800,Sep 1 2016 - 11:00pm,complete,23768,New York City,DC United,1.54,0.83,1.67,0.88,3,2,5,1,0,1,"79,85,90'3","36,90'1",8,2,0,0,2,0,17,18,8,8,9,10,15,9,56,44,2.73,60,72,40,36,28,32,64,9.58,4.89,1.83,3.92,4.48,0.00,0.00,0.00,0.00,0.00,0.00,Yankee Stadium
1472943600,Sep 3 2016 - 11:00pm,complete,22120,Vancouver Whitecaps,New York RB,1.54,0.64,1.41,0.89,0,1,1,0,0,0,"","50",6,4,2,0,2,0,14,13,2,6,12,7,-1,-1,0,0,2.88,63,89,60,30,8,34,82,10.47,4.79,2.46,3.48,3.02,0.00,0.00,0.00,0.00,0.00,0.00,BC Place Stadium
1472945400,Sep 3 2016 - 11:30pm,complete,15046,New England Revolution,Colorado Rapids,1.46,1.00,1.82,1.00,2,0,2,1,1,0,"12,49","",5,5,0,0,4,0,10,12,5,4,5,8,8,12,55,45,2.44,57,68,40,28,8,24,60,9.80,4.75,2.07,3.48,3.92,0.00,0.00,0.00,0.00,0.00,0.00,Gillette Stadium
1472949000,Sep 4 2016 - 12:30am,complete,16102,Chicago Fire,Philadelphia Union,1.50,1.00,1.53,0.78,3,0,3,1,1,0,"22,71,90","",3,5,3,0,0,0,16,14,7,5,9,9,16,8,44,56,2.79,64,72,52,36,12,37,69,10.78,3.35,2.10,3.60,3.70,0.00,0.00,0.00,0.00,0.00,0.00,Toyota Park
1472950800,Sep 4 2016 - 1:00am,complete,14207,FC Dallas,Portland Timbers,2.38,0.46,2.39,0.35,3,1,4,2,2,0,"14,45'2,53","87",4,6,3,0,3,0,14,6,10,2,4,4,11,21,57,43,2.58,62,89,46,27,4,35,66,9.85,3.54,1.75,3.98,4.92,0.00,0.00,0.00,0.00,0.00,0.00,Toyota Stadium
1472956200,Sep 4 2016 - 2:30am,complete,24693,LA Galaxy,Columbus Crew,1.92,0.55,2.00,0.59,2,1,3,0,0,0,"78,82","90'2",8,6,0,0,0,0,11,13,8,7,3,6,7,3,49,51,2.57,54,71,42,33,21,21,48,9.59,2.99,1.76,3.89,4.95,0.00,0.00,0.00,0.00,0.00,0.00,Stubhub Center
1473291000,Sep 7 2016 - 11:30pm,complete,17389,Montreal Impact,Orlando City,1.69,0.75,1.68,0.94,1,4,5,3,1,2,"2","4,36,54,77",9,0,2,1,3,0,18,9,7,8,11,1,13,18,51,49,3.24,65,88,69,52,16,48,80,10.23,3.94,1.78,4.03,4.68,0.00,0.00,0.00,0.00,0.00,0.00,Stade Saputo
1473298200,Sep 8 2016 - 1:30am,complete,20266,Real Salt Lake,LA Galaxy,2.23,1.15,1.88,1.11,3,3,6,1,0,1,"53,67,90'4","6,57,64",6,1,4,0,2,0,16,10,9,5,7,5,-1,-1,0,0,2.31,66,66,42,23,8,39,58,3.13,3.38,2.49,3.53,2.94,0.00,0.00,0.00,0.00,0.00,0.00,Rio Tinto Stadium
1473465600,Sep 10 2016 - 12:00am,complete,19331,Sporting KC,Houston Dynamo,2.00,0.46,1.94,0.71,3,3,6,3,2,1,"14,26,81","30,59,90'4",4,4,1,0,2,0,11,9,9,6,2,3,11,15,60,40,2.51,56,67,48,22,11,33,70,11.25,3.48,1.61,3.99,6.37,0.00,0.00,0.00,0.00,0.00,0.00,Children's Mercy Park
1473548400,Sep 10 2016 - 11:00pm,complete,15589,Columbus Crew,Vancouver Whitecaps,1.43,0.79,1.53,0.88,1,3,4,2,1,1,"11","13,74,82",0,0,0,1,2,0,0,0,0,0,0,0,5,15,50,50,3.18,61,83,50,36,29,33,68,12.39,3.29,1.87,3.83,4.37,0.00,0.00,0.00,0.00,0.00,0.00,MAPFRE Stadium
1473548400,Sep 10 2016 - 11:00pm,complete,18500,Philadelphia Union,Montreal Impact,1.93,1.15,1.65,1.25,1,1,2,1,1,0,"45","88",2,4,2,0,2,0,11,13,6,5,5,8,14,8,50,50,3.06,67,85,55,33,18,55,74,9.89,4.17,1.97,3.80,3.93,0.00,0.00,0.00,0.00,0.00,0.00,Talen Energy Stadium
1473552000,Sep 11 2016 - 12:00am,complete,23235,New England Revolution,New York City,1.57,1.50,1.82,1.33,3,1,4,2,2,0,"21,42,58","49",8,2,1,0,3,1,24,10,13,2,11,8,10,9,46,54,2.86,54,79,47,36,18,40,72,10.36,4.08,2.13,3.70,3.51,0.00,0.00,0.00,0.00,0.00,0.00,Gillette Stadium
1473553800,Sep 11 2016 - 12:30am,complete,18391,Chicago Fire,Toronto,1.62,1.27,1.53,1.37,1,2,3,1,0,1,"58","33,52",10,2,0,0,0,0,14,14,6,5,8,9,13,6,54,46,2.54,57,71,47,26,8,39,79,10.10,3.49,2.27,3.57,3.29,0.00,0.00,0.00,0.00,0.00,0.00,Toyota Park
1473555600,Sep 11 2016 - 1:00am,complete,14468,FC Dallas,Colorado Rapids,2.43,0.92,2.39,1.00,0,1,1,0,0,0,"","52",7,3,1,0,4,0,13,7,7,3,6,4,9,12,59,41,2.62,60,85,44,30,4,26,71,8.22,4.56,1.69,3.93,5.61,0.00,0.00,0.00,0.00,0.00,0.00,Toyota Stadium
1473561000,Sep 11 2016 - 2:30am,complete,18000,SJ Earthquakes,Seattle Sounders,1.77,0.69,1.65,1.00,1,1,2,1,1,0,"20","80",6,0,4,0,1,0,12,5,5,2,7,3,15,16,55,45,2.35,58,77,43,20,4,31,62,8.36,3.54,2.22,3.42,3.55,0.00,0.00,0.00,0.00,0.00,0.00,Avaya Stadium
1473561000,Sep 11 2016 - 2:30am,complete,21144,Portland Timbers,Real Salt Lake,2.07,1.00,2.24,0.78,1,0,1,1,1,0,"12","",4,3,2,0,4,0,13,8,4,4,9,4,-1,-1,0,0,3.50,75,86,75,47,21,43,79,8.42,3.93,1.89,3.82,4.27,0.00,0.00,0.00,0.00,0.00,0.00,Providence Park
1473613200,Sep 11 2016 - 5:00pm,complete,20086,New York RB,DC United,2.38,0.77,2.28,0.88,2,2,4,1,1,0,"34,54","89,90'5",7,5,0,0,3,0,15,12,8,7,7,5,16,12,50,50,2.62,47,73,39,31,23,23,62,9.27,4.23,1.56,4.20,6.87,0.00,0.00,0.00,0.00,0.00,0.00,Red Bull Arena
1473634800,Sep 11 2016 - 11:00pm,complete,27167,LA Galaxy,Orlando City,2.00,0.92,2.00,0.94,4,2,6,4,3,1,"35,38,45,70","20,90'2",4,4,3,0,2,0,15,14,6,5,9,9,20,13,52,48,3.01,67,78,60,49,18,34,57,8.89,3.74,1.54,4.30,6.89,0.00,0.00,0.00,0.00,0.00,0.00,Stubhub Center
1474070400,Sep 17 2016 - 12:00am,complete,13807,Chicago Fire,DC United,1.50,0.79,1.53,0.88,2,2,4,3,2,1,"22,29","19,90'2",3,8,0,0,0,0,17,17,5,8,12,9,7,8,47,53,2.50,61,68,43,29,14,25,68,9.65,4.07,2.04,3.66,3.82,0.00,0.00,0.00,0.00,0.00,0.00,Toyota Park
1474142400,Sep 17 2016 - 8:00pm,complete,47111,Seattle Sounders,Vancouver Whitecaps,1.69,0.93,2.05,0.88,1,0,1,0,0,0,"81","",12,2,2,0,2,0,0,0,0,0,0,0,8,13,0,0,2.65,43,71,46,28,18,28,68,9.88,3.31,1.78,3.84,4.90,0.00,0.00,0.00,0.00,0.00,0.00,CenturyLink Field
1474149600,Sep 17 2016 - 10:00pm,complete,21144,Portland Timbers,Philadelphia Union,2.13,0.93,2.24,0.78,2,1,3,0,0,0,"46,53","47",3,8,0,0,3,1,21,13,9,9,12,4,-1,-1,0,0,3.27,72,87,72,42,17,38,76,9.77,3.24,1.88,3.84,4.31,0.00,0.00,0.00,0.00,0.00,0.00,Providence Park
1474153200,Sep 17 2016 - 11:00pm,complete,25204,New York City,FC Dallas,1.64,1.21,1.67,1.11,2,2,4,2,1,1,"8,78","20,52",5,8,2,0,4,0,13,18,6,7,7,11,-1,-1,0,0,3.22,47,75,57,50,32,43,79,9.20,3.85,2.15,3.75,3.40,0.00,0.00,0.00,0.00,0.00,0.00,Yankee Stadium
1474155000,Sep 17 2016 - 11:30pm,complete,20801,Montreal Impact,New England Revolution,1.57,0.57,1.68,0.65,1,3,4,2,0,2,"50","1,27,59",3,3,2,0,2,0,21,15,4,9,17,6,-1,-1,0,0,3.29,61,86,64,47,29,57,79,9.93,3.79,1.95,3.75,4.06,0.00,0.00,0.00,0.00,0.00,0.00,Stade Saputo
1474155000,Sep 17 2016 - 11:30pm,complete,30218,Orlando City,Columbus Crew,1.57,0.50,1.47,0.59,1,4,5,3,0,3,"79","6,22,44,90'5",7,3,3,0,1,0,20,10,10,6,10,4,7,11,57,43,2.93,72,84,65,41,16,31,69,10.33,4.04,2.22,3.79,3.22,0.00,0.00,0.00,0.00,0.00,0.00,Camping World Stadium (Orlando- Florida)
1474160400,Sep 18 2016 - 1:00am,complete,17645,Colorado Rapids,SJ Earthquakes,2.38,0.69,2.21,0.59,0,0,0,0,0,0,"","",1,6,3,0,0,0,12,12,4,5,8,7,-1,-1,0,0,2.08,54,66,31,20,0,4,50,3.29,3.61,1.93,3.45,4.62,0.00,0.00,0.00,0.00,0.00,0.00,Dick's Sporting Goods Park
1474162200,Sep 18 2016 - 1:30am,complete,19795,Real Salt Lake,Houston Dynamo,2.14,0.50,1.88,0.71,0,1,1,1,0,1,"","36",1,3,1,0,6,0,15,8,2,4,13,4,-1,-1,0,0,2.57,64,64,47,25,14,29,64,8.20,3.21,1.75,3.97,4.94,0.00,0.00,0.00,0.00,0.00,0.00,Rio Tinto Stadium
1474221600,Sep 18 2016 - 6:00pm,complete,19480,Sporting KC,LA Galaxy,1.93,1.14,1.94,1.11,2,2,4,1,0,1,"50,69","7,76",6,0,0,0,1,0,12,4,5,3,7,1,-1,-1,0,0,2.76,62,72,52,32,17,45,69,8.66,3.80,2.01,3.66,3.93,0.00,0.00,0.00,0.00,0.00,0.00,Children's Mercy Park
1474232400,Sep 18 2016 - 9:00pm,complete,24078,Toronto,New York RB,2.00,0.80,1.90,0.89,3,3,6,3,1,2,"41,68,86","12,31,48",4,4,0,0,2,0,13,13,6,8,7,5,5,16,61,39,2.68,48,69,43,29,16,35,63,12.53,4.15,2.31,3.62,3.17,0.00,0.00,0.00,0.00,0.00,0.00,BMO Field
1474675200,Sep 24 2016 - 12:00am,complete,25011,New York City,Chicago Fire,1.60,0.38,1.67,0.29,4,1,5,4,3,1,"8,9,44,83","35",2,8,1,0,0,0,18,14,9,6,9,8,-1,-1,0,0,3.27,61,75,57,46,28,43,75,8.28,3.59,1.73,4.09,4.94,0.00,0.00,0.00,0.00,0.00,0.00,Yankee Stadium
1474750800,Sep 24 2016 - 9:00pm,complete,26455,Toronto,Philadelphia Union,1.92,0.87,1.90,0.78,1,1,2,1,0,1,"70","25",4,2,2,0,1,0,11,10,3,5,8,5,6,12,57,43,2.88,57,71,53,32,22,37,61,12.46,3.18,1.74,4.02,4.98,0.00,0.00,0.00,0.00,0.00,0.00,BMO Field
1474758000,Sep 24 2016 - 11:00pm,complete,22209,New York RB,Montreal Impact,2.29,1.14,2.28,1.25,1,0,1,0,0,0,"60","",7,2,1,0,4,0,14,7,8,5,6,2,11,15,57,43,2.82,54,79,43,32,18,33,68,9.03,4.00,1.63,4.21,5.81,0.00,0.00,0.00,0.00,0.00,0.00,Red Bull Arena
1474758000,Sep 24 2016 - 11:00pm,complete,21851,Vancouver Whitecaps,Colorado Rapids,1.43,1.07,1.41,1.00,3,3,6,1,0,1,"51,70,90'3","8,57,75",9,2,2,1,2,0,13,11,7,5,6,6,12,13,52,48,2.43,61,72,47,21,7,25,72,8.23,5.00,2.04,3.49,4.03,0.00,0.00,0.00,0.00,0.00,0.00,BC Place Stadium
1474758000,Sep 24 2016 - 11:00pm,complete,25842,DC United,Orlando City,1.57,0.86,1.72,0.94,4,1,5,1,1,0,"34,51,53,90","72",5,6,3,0,2,1,10,8,7,4,3,4,-1,-1,0,0,3.22,54,90,61,47,14,50,83,8.53,4.29,1.98,3.79,3.90,0.00,0.00,0.00,0.00,0.00,0.00,Robert F. Kennedy Memorial Stadium
1474765200,Sep 25 2016 - 1:00am,complete,19404,Houston Dynamo,Portland Timbers,1.46,0.43,1.29,0.35,3,1,4,1,1,0,"34,73,85","51",5,3,0,0,0,0,11,8,5,2,6,6,-1,-1,0,0,2.48,63,74,41,30,15,41,60,8.44,3.30,2.22,3.52,3.44,0.00,0.00,0.00,0.00,0.00,0.00,BBVA Compass Stadium
1474767000,Sep 25 2016 - 1:30am,complete,20069,Real Salt Lake,FC Dallas,2.00,1.20,1.88,1.11,0,0,0,0,0,0,"","",9,2,1,0,2,0,15,8,5,4,10,4,-1,-1,0,0,2.70,50,70,54,34,14,37,70,6.33,3.40,2.56,3.43,2.92,0.00,0.00,0.00,0.00,0.00,0.00,Rio Tinto Stadium
1474770600,Sep 25 2016 - 2:30am,complete,18000,SJ Earthquakes,Sporting KC,1.71,0.71,1.65,0.78,1,2,3,2,1,1,"42","7,81",9,1,2,0,3,0,17,6,5,3,12,3,15,17,65,35,1.82,40,57,29,11,0,25,47,11.00,4.22,2.36,3.33,3.33,0.00,0.00,0.00,0.00,0.00,0.00,Avaya Stadium
1474833600,Sep 25 2016 - 8:00pm,complete,25819,LA Galaxy,Seattle Sounders,2.07,0.71,2.00,1.00,2,4,6,2,1,1,"20,85","35,63,73,78",7,5,1,0,3,0,21,13,10,7,11,6,9,10,55,45,2.93,69,87,49,35,17,28,56,8.83,3.32,1.88,3.79,4.36,0.00,0.00,0.00,0.00,0.00,0.00,Stubhub Center
1474844400,Sep 25 2016 - 11:00pm,complete,20012,Columbus Crew,New England Revolution,1.33,0.73,1.53,0.65,2,0,2,1,1,0,"42,84","",4,4,3,0,2,0,20,12,10,6,10,6,8,8,56,44,3.30,70,84,60,44,27,50,74,10.05,3.26,1.85,3.90,4.36,0.00,0.00,0.00,0.00,0.00,0.00,MAPFRE Stadium
1475105400,Sep 28 2016 - 11:30pm,complete,16318,Montreal Impact,SJ Earthquakes,1.47,0.71,1.68,0.59,3,1,4,2,2,0,"22,32,90'2","62",3,5,5,0,1,0,11,15,8,8,3,7,18,14,41,59,2.92,66,86,52,41,14,30,69,9.83,3.66,1.96,3.58,4.22,0.00,0.00,0.00,0.00,0.00,0.00,Stade Saputo
1475105400,Sep 28 2016 - 11:30pm,complete,23805,Toronto,Orlando City,1.86,0.80,1.90,0.94,0,0,0,0,0,0,"","",7,8,2,1,2,0,17,7,6,4,11,3,15,14,52,48,3.12,62,72,58,48,28,48,76,10.64,3.76,1.63,4.29,5.63,0.00,0.00,0.00,0.00,0.00,0.00,BMO Field
1475105400,Sep 28 2016 - 11:30pm,complete,12094,DC United,Columbus Crew,1.67,0.69,1.72,0.59,3,0,3,0,0,0,"71,86,90","",2,8,0,0,0,0,8,8,7,2,1,6,14,10,41,59,2.88,47,85,51,32,18,36,71,9.43,3.38,2.11,3.74,3.51,0.00,0.00,0.00,0.00,0.00,0.00,Robert F. Kennedy Memorial Stadium
1475116200,Sep 29 2016 - 2:30am,complete,39269,Seattle Sounders,Chicago Fire,1.79,0.36,2.05,0.29,1,0,1,1,1,0,"24","",5,2,1,0,1,0,12,10,5,3,7,7,10,16,59,41,2.64,47,64,47,25,14,29,64,9.94,2.72,1.61,4.27,5.84,0.00,0.00,0.00,0.00,0.00,0.00,CenturyLink Field
1475280000,Oct 1 2016 - 12:00am,complete,19616,Houston Dynamo,New York City,1.57,1.40,1.29,1.33,0,2,2,0,0,0,"","52,90'1",5,3,1,0,1,0,11,11,2,6,9,5,-1,-1,0,0,2.95,62,79,48,42,24,45,72,7.88,3.61,2.20,3.76,3.28,0.00,0.00,0.00,0.00,0.00,0.00,BBVA Compass Stadium
1475362800,Oct 1 2016 - 11:00pm,complete,22731,New York RB,Philadelphia Union,2.33,0.88,2.28,0.78,3,2,5,2,1,1,"44,47,66","15,55",4,2,1,0,3,0,11,8,8,5,3,3,13,13,60,40,2.94,51,81,55,36,17,26,65,10.91,3.34,1.52,4.62,6.72,0.00,0.00,0.00,0.00,0.00,0.00,Red Bull Arena
1475364600,Oct 1 2016 - 11:30pm,complete,20034,Columbus Crew,Chicago Fire,1.44,0.33,1.53,0.29,3,0,3,1,1,0,"8,50,59","",8,1,0,0,1,0,13,6,5,2,8,4,-1,-1,0,0,3.16,64,78,52,36,23,36,71,9.28,2.77,1.54,4.58,6.35,0.00,0.00,0.00,0.00,0.00,0.00,MAPFRE Stadium
1475364600,Oct 1 2016 - 11:30pm,complete,25280,New England Revolution,Sporting KC,1.67,0.87,1.82,0.78,3,1,4,1,1,0,"4,75,83","49",8,7,0,0,2,0,13,8,7,3,6,5,5,5,56,44,2.27,40,67,37,23,4,33,57,12.89,4.13,2.34,3.54,3.17,0.00,0.00,0.00,0.00,0.00,0.00,Gillette Stadium
1475364600,Oct 1 2016 - 11:30pm,complete,22212,Toronto,DC United,1.80,0.80,1.90,0.88,1,2,3,2,1,1,"36","39,58",8,2,0,0,2,0,16,5,7,3,9,2,8,14,66,34,2.50,57,63,37,30,24,30,60,11.21,3.87,1.73,4.05,5.00,0.00,0.00,0.00,0.00,0.00,0.00,BMO Field
1475370000,Oct 2 2016 - 1:00am,complete,17554,Colorado Rapids,Portland Timbers,2.29,0.40,2.21,0.35,1,0,1,0,0,0,"63","",4,4,6,0,2,0,8,7,6,3,2,4,23,13,49,51,2.05,55,62,37,20,4,20,48,5.30,3.72,2.01,3.57,4.03,0.00,0.00,0.00,0.00,0.00,0.00,Dick's Sporting Goods Park
1475370000,Oct 2 2016 - 1:00am,complete,15968,FC Dallas,LA Galaxy,2.27,1.13,2.39,1.11,1,0,1,1,1,0,"39","",3,0,2,0,2,0,15,7,7,0,8,7,-1,-1,0,0,2.73,60,80,47,37,10,37,70,8.17,3.53,1.77,4.02,4.74,0.00,0.00,0.00,0.00,0.00,0.00,Toyota Stadium
1475375400,Oct 2 2016 - 2:30am,complete,18000,SJ Earthquakes,Real Salt Lake,1.60,0.93,1.65,0.78,2,1,3,2,1,1,"34,72","40",5,1,0,0,1,0,12,13,7,6,5,7,10,14,50,50,2.50,57,67,47,24,10,30,63,8.42,4.40,2.02,3.51,4.08,0.00,0.00,0.00,0.00,0.00,0.00,Avaya Stadium
1475427600,Oct 2 2016 - 5:00pm,complete,26041,Orlando City,Montreal Impact,1.47,1.07,1.47,1.25,0,1,1,0,0,0,"","56",12,1,1,0,1,0,18,3,7,2,11,1,7,13,67,33,3.00,80,83,57,40,17,37,70,8.97,5.26,2.08,3.77,3.58,0.00,0.00,0.00,0.00,0.00,0.00,Camping World Stadium (Orlando- Florida)
1475452800,Oct 3 2016 - 12:00am,complete,24837,Vancouver Whitecaps,Seattle Sounders,1.40,0.87,1.41,1.00,1,2,3,2,1,1,"25","39,81",3,4,2,1,1,1,16,11,6,9,10,2,13,7,48,52,2.97,70,90,57,30,13,37,84,9.35,4.00,2.13,3.69,3.51,0.00,0.00,0.00,0.00,0.00,0.00,BC Place Stadium
1475973000,Oct 9 2016 - 12:30am,complete,18400,Houston Dynamo,Colorado Rapids,1.47,1.07,1.29,1.00,2,3,5,2,1,1,"45,81","12,54,79",4,1,1,0,2,0,10,7,4,4,6,3,-1,-1,0,0,2.53,57,70,37,30,17,23,60,7.49,4.06,2.14,3.43,3.75,0.00,0.00,0.00,0.00,0.00,0.00,BBVA Compass Stadium
1476325800,Oct 13 2016 - 2:30am,complete,39772,Seattle Sounders,Houston Dynamo,1.87,0.67,2.05,0.71,0,0,0,0,0,0,"","",0,0,0,1,2,0,0,2,0,0,0,2,4,14,65,35,2.30,43,53,37,20,14,20,67,11.57,3.26,1.45,4.76,7.94,0.00,0.00,0.00,0.00,0.00,0.00,CenturyLink Field
1476405000,Oct 14 2016 - 12:30am,complete,15883,Chicago Fire,Columbus Crew,1.47,0.64,1.53,0.59,2,2,4,1,0,1,"53,57","13,80",8,8,2,0,0,0,0,0,0,0,0,0,5,9,0,0,2.69,55,73,55,31,14,35,69,10.37,2.61,2.66,3.69,2.64,0.00,0.00,0.00,0.00,0.00,0.00,Toyota Park
1476406800,Oct 14 2016 - 1:00am,complete,13516,Colorado Rapids,SJ Earthquakes,2.33,0.67,2.21,0.59,2,1,3,1,1,0,"38,73","57",7,7,1,0,1,0,15,11,6,4,9,7,-1,-1,0,0,1.97,50,60,30,20,0,7,47,6.28,3.80,2.14,3.39,3.78,0.00,0.00,0.00,0.00,0.00,0.00,Dick's Sporting Goods Park
1476644400,Oct 16 2016 - 7:00pm,complete,20801,Montreal Impact,Toronto,1.56,1.38,1.68,1.37,2,2,4,1,1,0,"19,55","51,86",6,5,1,0,4,0,11,20,6,7,5,13,15,14,42,58,3.03,66,88,60,38,16,47,81,10.42,3.81,2.22,3.64,3.33,0.00,0.00,0.00,0.00,0.00,0.00,Stade Saputo
1476644400,Oct 16 2016 - 7:00pm,complete,22937,New York RB,Columbus Crew,2.38,0.67,2.28,0.59,3,2,5,0,0,0,"53,58,70","73,83",3,5,1,0,4,0,12,11,8,5,4,6,-1,-1,0,0,2.90,46,78,55,39,23,29,65,10.69,2.63,1.60,4.60,5.49,0.00,0.00,0.00,0.00,0.00,0.00,Red Bull Arena
1476644400,Oct 16 2016 - 7:00pm,complete,18976,Chicago Fire,New England Revolution,1.44,0.69,1.53,0.65,2,1,3,2,1,1,"9,80","43",6,4,2,1,2,1,15,11,6,4,9,7,14,11,46,54,2.94,60,75,60,41,16,51,81,9.25,3.38,3.03,3.78,2.32,0.00,0.00,0.00,0.00,0.00,0.00,Toyota Park
1476644400,Oct 16 2016 - 7:00pm,complete,18007,Philadelphia Union,Orlando City,1.87,0.81,1.65,0.94,0,2,2,0,0,0,"","59,90'5",9,5,3,0,1,0,9,13,5,6,4,7,-1,-1,0,0,3.36,68,87,71,52,23,59,84,9.67,4.11,1.61,4.44,5.60,0.00,0.00,0.00,0.00,0.00,0.00,Talen Energy Stadium
1476644400,Oct 16 2016 - 7:00pm,complete,30943,DC United,New York City,1.75,1.50,1.72,1.33,3,1,4,3,3,0,"27,31,45","72",10,5,1,0,1,0,16,11,8,10,8,1,7,12,46,54,3.16,51,91,53,38,19,44,75,8.11,4.32,2.20,3.75,3.29,0.00,0.00,0.00,0.00,0.00,0.00,Robert F. Kennedy Memorial Stadium
1476651600,Oct 16 2016 - 9:00pm,complete,21144,Portland Timbers,Colorado Rapids,2.19,1.19,2.24,1.00,1,0,1,1,1,0,"35","",4,2,3,0,6,0,17,11,4,5,13,6,15,23,53,47,3.07,72,79,63,38,19,32,72,7.17,4.32,2.00,3.78,3.84,0.00,0.00,0.00,0.00,0.00,0.00,Providence Park
1476651600,Oct 16 2016 - 9:00pm,complete,21085,Houston Dynamo,LA Galaxy,1.38,1.06,1.29,1.11,0,1,1,0,0,0,"","72",6,9,0,0,0,0,9,13,3,6,6,7,-1,-1,0,0,2.66,60,69,41,38,22,38,66,6.86,3.07,2.64,3.52,2.76,0.00,0.00,0.00,0.00,0.00,0.00,BBVA Compass Stadium
1476651600,Oct 16 2016 - 9:00pm,complete,14468,FC Dallas,Seattle Sounders,2.31,1.00,2.39,1.00,2,1,3,1,0,1,"79,89","41",2,2,3,0,1,0,14,6,7,3,7,3,-1,-1,0,0,2.88,63,94,50,31,7,38,78,9.00,3.57,1.83,3.81,4.65,0.00,0.00,0.00,0.00,0.00,0.00,Toyota Stadium
1476651600,Oct 16 2016 - 9:00pm,complete,19705,Real Salt Lake,Sporting KC,1.94,0.81,1.88,0.78,0,0,0,0,0,0,"","",3,6,3,0,0,0,16,11,6,5,10,6,-1,-1,0,0,2.19,51,63,41,19,3,28,53,10.00,3.88,2.16,3.52,3.59,0.00,0.00,0.00,0.00,0.00,0.00,Rio Tinto Stadium
1476651600,Oct 16 2016 - 9:00pm,complete,18000,SJ Earthquakes,Vancouver Whitecaps,1.69,0.88,1.65,0.88,0,0,0,0,0,0,"","",13,1,1,0,1,0,20,15,8,8,12,7,-1,-1,0,0,2.41,50,69,44,22,13,35,63,8.30,3.75,2.02,3.57,4.00,0.00,0.00,0.00,0.00,0.00,0.00,Avaya Stadium
1477252800,Oct 23 2016 - 8:00pm,complete,30374,New York City,Columbus Crew,1.69,0.63,1.67,0.59,4,1,5,1,1,0,"45,75,77,90'3","59",2,6,1,0,1,0,14,15,7,7,7,8,10,10,48,52,3.29,63,81,63,51,35,38,69,10.47,3.37,1.60,4.50,5.64,0.00,0.00,0.00,0.00,0.00,0.00,Yankee Stadium
1477252800,Oct 23 2016 - 8:00pm,complete,24083,Vancouver Whitecaps,Portland Timbers,1.31,0.38,1.41,0.35,4,1,5,2,2,0,"13,32,54,55","72",8,5,2,0,1,0,18,15,9,5,9,10,9,12,44,56,2.66,69,78,57,28,10,38,72,9.70,4.19,2.69,3.64,2.64,0.00,0.00,0.00,0.00,0.00,0.00,BC Place Stadium
1477252800,Oct 23 2016 - 8:00pm,complete,20371,Sporting KC,SJ Earthquakes,1.88,0.63,1.94,0.59,2,0,2,1,1,0,"27,88","",2,3,3,0,3,0,8,8,4,4,4,4,9,11,58,42,2.72,66,81,54,31,7,29,69,9.89,3.38,1.61,4.20,6.02,0.00,0.00,0.00,0.00,0.00,0.00,Children's Mercy Park
1477252800,Oct 23 2016 - 8:00pm,complete,27167,LA Galaxy,FC Dallas,1.94,1.19,2.00,1.11,0,0,0,0,0,0,"","",2,5,1,0,3,0,7,11,2,3,5,8,9,13,58,42,2.97,50,72,53,44,25,35,57,9.14,3.38,2.50,3.62,2.87,0.00,0.00,0.00,0.00,0.00,0.00,Stubhub Center
1477252800,Oct 23 2016 - 8:00pm,complete,39587,New England Revolution,Montreal Impact,1.75,1.19,1.82,1.25,3,0,3,1,1,0,"13,60,71","",12,7,2,0,3,0,23,8,8,4,15,4,12,14,59,41,2.54,57,72,38,29,10,31,63,10.11,4.07,2.13,3.61,3.59,0.00,0.00,0.00,0.00,0.00,0.00,Gillette Stadium
1477252800,Oct 23 2016 - 8:00pm,complete,18446,Colorado Rapids,Houston Dynamo,2.38,0.69,2.21,0.71,1,1,2,1,0,1,"67","20",8,1,2,0,2,0,20,10,9,4,11,6,7,6,56,44,1.97,44,47,32,16,10,13,54,8.58,3.94,1.58,4.12,6.68,0.00,0.00,0.00,0.00,0.00,0.00,Dick's Sporting Goods Park
1477252800,Oct 23 2016 - 8:00pm,complete,18500,Philadelphia Union,New York RB,1.75,0.81,1.65,0.89,0,2,2,1,0,1,"","26,57",10,6,3,0,2,0,16,9,6,6,10,3,-1,-1,0,0,3.19,60,91,60,38,16,47,75,11.20,4.50,2.67,3.65,2.65,0.00,0.00,0.00,0.00,0.00,0.00,Talen Energy Stadium
1477252800,Oct 23 2016 - 8:00pm,complete,30022,Orlando City,DC United,1.38,0.94,1.47,0.88,4,2,6,3,2,1,"13,21,50,89","43,78",4,1,0,0,0,0,0,0,0,0,0,0,15,10,0,0,2.94,79,82,60,44,19,32,69,10.31,5.01,2.51,3.66,2.83,0.00,0.00,0.00,0.00,0.00,0.00,Camping World Stadium (Orlando- Florida)
1477252800,Oct 23 2016 - 8:00pm,complete,50022,Seattle Sounders,Real Salt Lake,1.81,0.88,2.05,0.78,2,1,3,3,2,1,"3,31","4",9,3,2,0,3,0,0,0,0,0,0,0,13,14,0,0,2.57,47,63,47,26,13,26,66,9.38,3.82,1.70,3.91,5.56,0.00,0.00,0.00,0.00,0.00,0.00,CenturyLink Field
1477252800,Oct 23 2016 - 8:00pm,complete,25235,Toronto,Chicago Fire,1.69,0.31,1.90,0.29,3,2,5,2,1,1,"45,54,62","18,83",8,1,1,0,0,0,17,8,7,4,10,4,16,12,54,46,2.75,50,63,47,28,22,41,69,9.82,2.69,1.41,5.08,8.45,0.00,0.00,0.00,0.00,0.00,0.00,BMO Field
1477524600,Oct 26 2016 - 11:30pm,complete,21759,Toronto,Philadelphia Union,1.76,0.82,1.90,0.78,3,1,4,1,1,0,"15,48,85","73",8,4,2,0,4,0,13,8,7,4,6,4,9,16,47,53,2.89,62,74,53,32,24,38,65,11.85,3.23,1.72,4.02,5.14,0.00,0.00,0.00,0.00,0.00,0.00,BMO Field
1477535400,Oct 27 2016 - 2:30am,complete,18124,LA Galaxy,Real Salt Lake,1.88,0.82,2.00,0.78,3,1,4,4,3,1,"14,26,34","21",3,7,1,0,3,0,10,16,5,7,5,9,10,18,56,44,3.06,65,74,56,38,24,33,56,8.35,3.94,1.80,3.83,4.78,0.00,0.00,0.00,0.00,0.00,0.00,Stubhub Center
1477611000,Oct 27 2016 - 11:30pm,complete,12773,DC United,Montreal Impact,1.82,1.12,1.72,1.25,2,4,6,2,0,2,"89,90'4","4,43,58,83",0,0,0,0,0,0,0,0,0,0,0,0,7,14,0,0,2.80,50,83,44,27,12,35,68,8.37,4.35,2.00,3.65,3.98,0.00,0.00,0.00,0.00,0.00,0.00,Robert F. Kennedy Memorial Stadium
1477620000,Oct 28 2016 - 2:00am,complete,36151,Seattle Sounders,Sporting KC,1.88,0.82,2.05,0.78,1,0,1,0,0,0,"88","",4,5,1,0,3,0,9,12,2,7,7,5,12,15,51,49,2.00,35,56,35,15,3,24,53,12.31,3.65,1.97,3.57,4.21,0.00,0.00,0.00,0.00,0.00,0.00,CenturyLink Field
1477854000,Oct 30 2016 - 7:00pm,complete,15027,Montreal Impact,New York RB,1.53,0.94,1.68,0.89,1,0,1,0,0,0,"61","",4,4,1,0,1,1,12,12,3,5,9,7,18,9,44,56,3.30,62,91,62,47,18,41,77,11.08,4.65,2.67,3.38,2.82,0.00,0.00,0.00,0.00,0.00,0.00,Stade Saputo
1477861200,Oct 30 2016 - 9:00pm,complete,24487,LA Galaxy,Colorado Rapids,1.94,1.12,2.00,1.00,1,0,1,0,0,0,"55","",5,5,2,0,3,0,9,9,5,2,4,7,9,10,55,45,2.80,63,69,46,37,23,23,52,7.62,4.50,1.90,3.57,4.56,0.00,0.00,0.00,0.00,0.00,0.00,Stubhub Center
1477868400,Oct 30 2016 - 11:00pm,complete,28220,Toronto,New York City,1.83,1.41,1.90,1.33,2,0,2,0,0,0,"84,90'2","",3,4,1,0,5,0,18,9,9,4,9,5,12,19,57,43,3.01,61,75,52,40,26,49,72,10.54,3.68,1.78,4.00,4.68,0.00,0.00,0.00,0.00,0.00,0.00,BMO Field
1477877400,Oct 31 2016 - 1:30am,complete,37073,Seattle Sounders,FC Dallas,1.94,1.18,2.05,1.11,3,0,3,0,0,0,"50,55,58","",2,6,0,0,1,0,9,7,6,2,3,5,-1,-1,53,47,2.30,31,58,43,26,12,29,64,10.08,3.33,2.45,3.36,3.13,0.00,0.00,0.00,0.00,0.00,0.00,CenturyLink Field
1478458800,Nov 6 2016 - 7:00pm,complete,17782,Colorado Rapids,LA Galaxy,2.29,1.18,2.21,1.11,1,0,1,1,1,0,"36","",8,2,2,0,1,0,13,6,5,3,8,3,19,12,54,46,2.06,50,53,33,21,9,18,53,7.92,3.82,2.25,3.32,3.57,0.00,0.00,0.00,0.00,0.00,0.00,Dick's Sporting Goods Park
1478466000,Nov 6 2016 - 9:00pm,complete,24314,New York RB,Montreal Impact,2.41,1.22,2.28,1.25,1,2,3,0,0,0,"77","51,85",10,3,3,0,3,0,16,8,5,4,11,4,13,22,61,39,2.90,51,74,46,35,23,31,63,8.57,3.80,1.64,4.27,5.55,0.00,0.00,0.00,0.00,0.00,0.00,Red Bull Arena
1478475000,Nov 6 2016 - 11:30pm,complete,28355,New York City,Toronto,1.76,1.35,1.67,1.37,0,5,5,3,0,3,"","6,20,30,50,90'1",5,6,0,0,0,0,16,14,5,11,11,3,8,11,59,41,3.18,68,82,59,45,27,41,82,9.71,3.88,2.23,3.67,3.28,0.00,0.00,0.00,0.00,0.00,0.00,Yankee Stadium
1478484000,Nov 7 2016 - 2:00am,complete,14878,FC Dallas,Seattle Sounders,2.35,0.94,2.39,1.00,2,1,3,1,1,0,"25,56","54",5,5,1,0,2,0,21,9,6,3,15,6,-1,-1,0,0,2.89,65,94,53,29,6,35,79,8.51,3.59,1.66,4.03,5.68,0.00,0.00,0.00,0.00,0.00,0.00,Toyota Stadium
1479862800,Nov 23 2016 - 1:00am,complete,61004,Montreal Impact,Toronto,1.61,1.44,1.68,1.37,3,2,5,2,2,0,"10,12,53","68,73",2,4,0,0,0,0,10,16,5,8,5,8,17,12,50,50,3.09,64,86,62,42,17,45,81,10.46,3.72,2.42,3.42,3.13,0.00,0.00,0.00,0.00,0.00,0.00,Stade Olympique (Montréal- QC)
1479870000,Nov 23 2016 - 3:00am,complete,42774,Seattle Sounders,Colorado Rapids,2.00,1.06,2.05,1.00,2,1,3,2,1,1,"19,61","13",6,5,0,0,3,0,12,9,7,7,5,2,10,11,54,46,2.25,44,57,38,20,11,17,57,8.73,4.38,1.85,3.50,4.98,0.00,0.00,0.00,0.00,0.00,0.00,CenturyLink Field
1480280400,Nov 27 2016 - 9:00pm,complete,17695,Colorado Rapids,Seattle Sounders,2.33,0.89,2.21,1.00,0,1,1,0,0,0,"","56",3,2,1,0,1,0,18,4,0,3,18,1,12,9,61,39,2.34,59,72,42,17,6,20,64,9.31,3.89,2.14,3.35,3.85,0.00,0.00,0.00,0.00,0.00,0.00,Dick's Sporting Goods Park
1480550400,Dec 1 2016 - 12:00am,complete,36000,Toronto,Montreal Impact,1.89,1.32,1.90,1.25,5,2,7,3,2,1,"37,45,68,98,100","24,53",4,4,0,0,2,0,13,11,7,5,6,6,18,16,53,47,2.68,58,69,42,27,21,37,61,9.88,3.74,1.58,4.35,6.07,0.00,0.00,0.00,0.00,0.00,0.00,BMO Field
1481418000,Dec 11 2016 - 1:00am,complete,36045,Toronto,Seattle Sounders,1.95,1.00,1.90,1.00,0,0,0,0,0,0,"","",10,5,1,0,2,0,21,5,9,2,12,3,20,19,53,47,2.95,65,80,52,31,21,41,72,10.25,3.14,0.00,0.00,0.00,0.00,0.00,0.00,0.00,0.00,0.00,BMO Field
